 228931000,  48.099056 ,  -4.32078,  gbscts,  1443653398 
  228157000 , 48.098175 ," -4.32566 
",  gbscts,  1443654239
 228157000,  48.098175 ,  -4.32566,  gbscts,  1443654239 
  228190600 , 48.09865 ," -4.326832 
",  gbscts,  1443655108
 228190600,  48.09865 ,  -4.326832,  gbscts,  1443655108 
  228843000 , 48.098293 ," -4.326542 
",  gbscts,  1443656008
 228843000,  48.098293 ,  -4.326542,  gbscts,  1443656008 
  228190600 , 48.098633 ," -4.326812 
",  gbscts,  1443656456
 228190600,  48.098633 ,  -4.326812,  gbscts,  1443656456 
  228157000 , 48.098175 ," -4.3256965 
",  gbscts,  1443657160
 228157000,  48.098175 ,  -4.3256965,  gbscts,  1443657160 
  228190600 , 48.09865 ," -4.326825 
",  gbscts,  1443657307
 228190600,  48.09865 ,  -4.326825,  gbscts,  1443657307 
  228843000 , 48.098274 ," -4.326365 
",  gbscts,  1443661617
 228190600,  48.09864 ,  -4.326823,  gbscts,  1443658497 
  228843000 , 48.098274 ," -4.326365 
",  gbscts,  1443661617
 228843000,  48.098274 ,  -4.326365,  gbscts,  1443661617 
  228374000 , 48.098915 ," -4.3224316 
",  gbscts,  1443671903
 228843000,  48.09831 ,  -4.326385,  gbscts,  1443663227 
  228374000 , 48.098915 ," -4.3224316 
",  gbscts,  1443671903
 228843000,  48.098286 ,  -4.3264265,  gbscts,  1443667908 
  228374000 , 48.098915 ," -4.3224316 
",  gbscts,  1443671903
 228374000,  48.098915 ,  -4.3224316,  gbscts,  1443671903 
  228843000 , 48.098312 ," -4.326405 
",  gbscts,  1443672347
 228843000,  48.098312 ,  -4.326405,  gbscts,  1443672347 
  228138000 , 48.098286 ," -4.325848 
",  gbscts,  1443676439
 228843000,  48.09828 ,  -4.326413,  gbscts,  1443676298 
  228138000 , 48.098286 ," -4.325848 
",  gbscts,  1443676439
 228138000,  48.098286 ,  -4.325848,  gbscts,  1443676439 
  228843000 , 48.09833 ," -4.3264365 
",  gbscts,  1443680007
 228843000,  48.09833 ,  -4.3264365,  gbscts,  1443680007 
  228138000 , 48.098297 ," -4.3258734 
",  gbscts,  1443681739
 228138000,  48.098297 ,  -4.3258734,  gbscts,  1443681739 
  228929000 , 48.098785 ," -4.3227935 
",  gbscts,  1443682507
 228929000,  48.098785 ,  -4.3227935,  gbscts,  1443682507 
  228843000 , 48.09828 ," -4.3264065 
",  gbscts,  1443684178
 227008170,  48.374767 ,  -4.809065,  gbse4w,  1443676613 
  228017700 , 48.37467 ," -4.810653 
",  gbse4w,  1443686197
 228293000,  48.02883 ,  -4.7395315,  gbs9hp,  1443664682 
  227002630 , 48.032074 ," -4.7406483 
",  gbs9hp,  1443687105
 228843000,  48.09828 ,  -4.3264065,  gbscts,  1443684178 
  227392000 , 48.09841 ," -4.3270516 
",  gbscts,  1443688248
 227392000,  48.09841 ,  -4.3270516,  gbscts,  1443688248 
  228174600 , 48.09831 ," -4.3265834 
",  gbscts,  1443690506
 228293000,  48.098034 ,  -4.324115,  gbscte,  1443676998 
  228037700 , 48.097733 ," -4.323253 
",  gbscte,  1443698808
 228293000,  48.09795 ,  -4.3241315,  gbscte,  1443679107 
  228037700 , 48.097733 ," -4.323253 
",  gbscte,  1443698808
 228293000,  48.098015 ,  -4.3241315,  gbscte,  1443680998 
  228037700 , 48.097733 ," -4.323253 
",  gbscte,  1443698808
 228293000,  48.097965 ,  -4.3241816,  gbscte,  1443683737 
  228037700 , 48.097733 ," -4.323253 
",  gbscte,  1443698808
 228174600,  48.09831 ,  -4.3265834,  gbscts,  1443690506 
  227392000 , 48.098385 ," -4.3270583 
",  gbscts,  1443701140
 228174600,  48.098316 ,  -4.3266,  gbscts,  1443694666 
  227392000 , 48.098385 ," -4.3270583 
",  gbscts,  1443701140
 227705102,  48.382393 ,  -4.4965467,  gbsg1x,  1443674313 
  227612860 , 48.38254 ," -4.49576 
",  gbsg1x,  1443707446
 227705102,  48.382454 ,  -4.496723,  gbsg1x,  1443698841 
  227612860 , 48.38254 ," -4.49576 
",  gbsg1x,  1443707446
 227705102,  48.382454 ,  -4.496703,  gbsg1x,  1443701060 
  227612860 , 48.38254 ," -4.49576 
",  gbsg1x,  1443707446
 227705102,  48.382473 ,  -4.4966865,  gbsg1x,  1443705612 
  227612860 , 48.38254 ," -4.49576 
",  gbsg1x,  1443707446
 228037700,  48.097733 ,  -4.323253,  gbscte,  1443698808 
  228037600 , 48.097412 ," -4.3230414 
",  gbscte,  1443711684
 228037700,  48.09767 ,  -4.3232684,  gbscte,  1443709057 
  228037600 , 48.097412 ," -4.3230414 
",  gbscte,  1443711684
 227612860,  48.38254 ,  -4.49576,  gbsg1x,  1443707446 
  227705102 , 48.38238 ," -4.496578 
",  gbsg1x,  1443714922
 228037600,  48.097412 ,  -4.3230414,  gbscte,  1443711684 
  228293000 , 48.098015 ," -4.324265 
",  gbscte,  1443715104
 227005550,  48.38069 ,  -4.487282,  gbsg1z,  1443692993 
  228017700 , 48.3811 ," -4.485725 
",  gbsg1z,  1443721318
 227005550,  48.380707 ,  -4.48725,  gbsg1z,  1443712820 
  228017700 , 48.3811 ," -4.485725 
",  gbsg1z,  1443721318
 228017700,  48.3811 ,  -4.485725,  gbsg1z,  1443721318 
  227005550 , 48.38072 ," -4.487262 
",  gbsg1z,  1443735445
 228264000,  48.02945 ,  -4.774182,  gbs95r,  1443752756 
  227472000 , 48.031483 ," -4.7768335 
",  gbs95r,  1443755860
 227705102,  48.38238 ,  -4.496578,  gbsg1x,  1443714922 
  227635210 , 48.37953 ," -4.4970217 
",  gbsg1x,  1443760538
 227705102,  48.382412 ,  -4.4965568,  gbsg1x,  1443716882 
  227635210 , 48.37953 ," -4.4970217 
",  gbsg1x,  1443760538
 227705102,  48.382446 ,  -4.496587,  gbsg1x,  1443732781 
  227635210 , 48.37953 ," -4.4970217 
",  gbsg1x,  1443760538
 227705102,  48.382435 ,  -4.496568,  gbsg1x,  1443760121 
  227635210 , 48.37953 ," -4.4970217 
",  gbsg1x,  1443760538
 227635210,  48.37953 ,  -4.4970217,  gbsg1x,  1443760538 
  227612860 , 48.382538 ," -4.4966135 
",  gbsg1x,  1443761276
 227005550,  48.38072 ,  -4.487262,  gbsg1z,  1443735445 
  227008170 , 48.380184 ," -4.4853816 
",  gbsg1z,  1443762851
 227008170,  48.380184 ,  -4.4853816,  gbsg1z,  1443762851 
  228017700 , 48.381096 ," -4.4857435 
",  gbsg1z,  1443763659
 228017700,  48.381096 ,  -4.4857435,  gbsg1z,  1443763659 
  227005550 , 48.380707 ," -4.487262 
",  gbsg1z,  1443764240
 227005550,  48.380707 ,  -4.487262,  gbsg1z,  1443764240 
  227008170 , 48.38035 ," -4.484998 
",  gbsg1z,  1443765317
 228186700,  48.370834 ,  -4.512665,  gbsg1m,  1443724107 
  228064900 , 48.370773 ," -4.5130367 
",  gbsg1m,  1443765654
 228017700,  48.37467 ,  -4.810653,  gbse4w,  1443686197 
  228827000 , 48.37598 ," -4.8021717 
",  gbse4w,  1443775910
 227008170,  48.38035 ,  -4.484998,  gbsg1z,  1443765317 
  227005550 , 48.380707 ," -4.48725 
",  gbsg1z,  1443784132
 227008170,  48.380234 ,  -4.484165,  gbsg1z,  1443766588 
  227005550 , 48.380707 ," -4.48725 
",  gbsg1z,  1443784132
 227008170,  48.38 ,  -4.484665,  gbsg1z,  1443770747 
  227005550 , 48.380707 ," -4.48725 
",  gbsg1z,  1443784132
 227612860,  48.382538 ,  -4.4966135,  gbsg1x,  1443761276 
  227574020 , 48.38245 ," -4.496703 
",  gbsg1x,  1443784641
 227612860,  48.38022 ,  -4.4971914,  gbsg1x,  1443763413 
  227574020 , 48.38245 ," -4.496703 
",  gbsg1x,  1443784641
 227612860,  48.379982 ,  -4.4970865,  gbsg1x,  1443781086 
  227574020 , 48.38245 ," -4.496703 
",  gbsg1x,  1443784641
 228064900,  48.370773 ,  -4.5130367,  gbsg1m,  1443765654 
  205204000 , 48.369465 ," -4.514785 
",  gbsg1m,  1443785071
 205204000,  48.369465 ,  -4.514785,  gbsg1m,  1443785071 
  228186700 , 48.370834 ," -4.5124984 
",  gbsg1m,  1443789961
 227574020,  48.38245 ,  -4.496703,  gbsg1x,  1443784641 
  227612860 , 48.3806 ," -4.4977283 
",  gbsg1x,  1443794134
 227612860,  48.3806 ,  -4.4977283,  gbsg1x,  1443794134 
  227574020 , 48.382454 ," -4.4966717 
",  gbsg1x,  1443794432
 227392000,  48.098385 ,  -4.3270583,  gbscts,  1443701140 
  236401000 , 48.098667 ," -4.3243318 
",  gbscts,  1443797577
 227392000,  48.09841 ,  -4.3270516,  gbscts,  1443703400 
  236401000 , 48.098667 ," -4.3243318 
",  gbscts,  1443797577
 236401000,  48.098667 ,  -4.3243318,  gbscts,  1443797577 
  227820000 , 48.098667 ," -4.3269134 
",  gbscts,  1443800276
 227820000,  48.098667 ,  -4.3269134,  gbscts,  1443800276 
  227867000 , 48.09889 ," -4.3266783 
",  gbscts,  1443801745
 228167900,  48.014473 ,  -4.677728,  gbs9js,  1443732191 
  227002630 , 48.01488 ," -4.671565 
",  gbs9js,  1443808524
 228017700,  48.357933 ,  -4.7889166,  gbse55,  1443772189 
  227114300 , 48.36035 ," -4.7798233 
",  gbse55,  1443810723
 227867000,  48.09889 ,  -4.3266783,  gbscts,  1443801745 
  236401000 , 48.09833 ," -4.3264985 
",  gbscts,  1443833229
 227867000,  48.099 ,  -4.3265533,  gbscts,  1443815644 
  236401000 , 48.09833 ," -4.3264985 
",  gbscts,  1443833229
 236401000,  48.09833 ,  -4.3264985,  gbscts,  1443833229 
  226178000 , 48.09869 ," -4.324168 
",  gbscts,  1443847337
 227005550,  48.380707 ,  -4.48725,  gbsg1z,  1443784132 
  228017700 , 48.379265 ," -4.4839735 
",  gbsg1z,  1443853401
 227005550,  48.378975 ,  -4.483915,  gbsg1z,  1443797130 
  228017700 , 48.379265 ," -4.4839735 
",  gbsg1z,  1443853401
 227005550,  48.37929 ,  -4.4841585,  gbsg1z,  1443815725 
  228017700 , 48.379265 ," -4.4839735 
",  gbsg1z,  1443853401
 227005550,  48.3807 ,  -4.4872584,  gbsg1z,  1443845775 
  228017700 , 48.379265 ," -4.4839735 
",  gbsg1z,  1443853401
 228186700,  48.370834 ,  -4.5124984,  gbsg1m,  1443789961 
  205204000 , 48.36949 ," -4.5148 
",  gbsg1m,  1443861269
 228186700,  48.370834 ,  -4.512665,  gbsg1m,  1443798739 
  205204000 , 48.36949 ," -4.5148 
",  gbsg1m,  1443861269
 228186700,  48.370834 ,  -4.512665,  gbsg1m,  1443803040 
  205204000 , 48.36949 ," -4.5148 
",  gbsg1m,  1443861269
 228186700,  48.370834 ,  -4.5124984,  gbsg1m,  1443816372 
  205204000 , 48.36949 ," -4.5148 
",  gbsg1m,  1443861269
 228186700,  48.370834 ,  -4.5124984,  gbsg1m,  1443847271 
  205204000 , 48.36949 ," -4.5148 
",  gbsg1m,  1443861269
 227116100,  48.197815 ,  -5.0404935,  gbs6jq,  1443811505 
  228109000 , 48.201977 ," -5.031945 
",  gbs6jq,  1443866242
 311513000,  48.380997 ,  -4.4671764,  gbsg4r,  1443860769 
  305709000 , 48.382767 ," -4.463455 
",  gbsg4r,  1443870588
 311513000,  48.380997 ,  -4.4671783,  gbsg4r,  1443869291 
  305709000 , 48.382767 ," -4.463455 
",  gbsg4r,  1443870588
 228017700,  48.379265 ,  -4.4839735,  gbsg1z,  1443853401 
  227005550 , 48.379684 ," -4.484997 
",  gbsg1z,  1443870775
 205204000,  48.36949 ,  -4.5148,  gbsg1m,  1443861269 
  228186700 , 48.370834 ," -4.5124984 
",  gbsg1m,  1443877203
 305709000,  48.382767 ,  -4.463455,  gbsg4r,  1443870588 
  311513000 , 48.38098 ," -4.467095 
",  gbsg4r,  1443879908
 227114300,  48.36035 ,  -4.7798233,  gbse55,  1443810723 
  228017700 , 48.35725 ," -4.786142 
",  gbse55,  1443890101
 226178000,  48.09869 ,  -4.324168,  gbscts,  1443847337 
  226216000 , 48.098778 ," -4.3267565 
",  gbscts,  1443892961
 226178000,  48.098175 ,  -4.325287,  gbscts,  1443850116 
  226216000 , 48.098778 ," -4.3267565 
",  gbscts,  1443892961
 228017700,  48.403748 ,  -4.917683,  gbse25,  1443799970 
  228813000 , 48.404015 ," -4.915675 
",  gbse25,  1443902661
 228017700,  48.402355 ,  -4.9562917,  gbs7r5,  1443886600 
  228813000 , 48.40151 ," -4.955322 
",  gbs7r5,  1443904820
 228336000,  48.35071 ,  -4.789915,  gbse51,  1443847585 
  227114300 , 48.350193 ," -4.7874284 
",  gbse51,  1443908643
 227312180,  48.337685 ,  -4.827565,  gbsdfp,  1443848186 
  226084000 , 48.33933 ," -4.828562 
",  gbsdfp,  1443913940
 228017700,  48.406864 ,  -4.952522,  gbs7rk,  1443876595 
  228813000 , 48.40851 ," -4.9515185 
",  gbs7rk,  1443930234
 227005550,  48.379684 ,  -4.484997,  gbsg1z,  1443870775 
  228017700 , 48.379135 ," -4.4840584 
",  gbsg1z,  1443939865
 227005550,  48.380714 ,  -4.4872584,  gbsg1z,  1443890263 
  228017700 , 48.379135 ," -4.4840584 
",  gbsg1z,  1443939865
 227005550,  48.380714 ,  -4.4872665,  gbsg1z,  1443906953 
  228017700 , 48.379135 ," -4.4840584 
",  gbsg1z,  1443939865
 227005550,  48.38069 ,  -4.48727,  gbsg1z,  1443936430 
  228017700 , 48.379135 ," -4.4840584 
",  gbsg1z,  1443939865
 228336000,  48.45989 ,  -4.907183,  gbse8m,  1443893563 
  228813000 , 48.45774 ," -4.909955 
",  gbse8m,  1443959064
 228813000,  48.40851 ,  -4.9515185,  gbs7rk,  1443930234 
  228017700 , 48.406834 ," -4.9528933 
",  gbs7rk,  1443969557
 226216000,  48.098778 ,  -4.3267565,  gbscts,  1443892961 
  227410000 , 48.100082 ," -4.319315 
",  gbscts,  1443983550
 226216000,  48.098797 ,  -4.3267484,  gbscts,  1443895720 
  227410000 , 48.100082 ," -4.319315 
",  gbscts,  1443983550
 226216000,  48.098793 ,  -4.32676,  gbscts,  1443896479 
  227410000 , 48.100082 ," -4.319315 
",  gbscts,  1443983550
 226216000,  48.098785 ,  -4.326745,  gbscts,  1443901500 
  227410000 , 48.100082 ," -4.319315 
",  gbscts,  1443983550
 226216000,  48.098793 ,  -4.326765,  gbscts,  1443904669 
  227410000 , 48.100082 ," -4.319315 
",  gbscts,  1443983550
 226216000,  48.09879 ,  -4.3267565,  gbscts,  1443907581 
  227410000 , 48.100082 ," -4.319315 
",  gbscts,  1443983550
 226216000,  48.098793 ,  -4.32676,  gbscts,  1443910419 
  227410000 , 48.100082 ," -4.319315 
",  gbscts,  1443983550
 226216000,  48.09878 ,  -4.32677,  gbscts,  1443913340 
  227410000 , 48.100082 ," -4.319315 
",  gbscts,  1443983550
 226216000,  48.09878 ,  -4.32676,  gbscts,  1443943970 
  227410000 , 48.100082 ," -4.319315 
",  gbscts,  1443983550
 226216000,  48.09878 ,  -4.3267765,  gbscts,  1443945920 
  227410000 , 48.100082 ," -4.319315 
",  gbscts,  1443983550
 226216000,  48.09878 ,  -4.326763,  gbscts,  1443946789 
  227410000 , 48.100082 ," -4.319315 
",  gbscts,  1443983550
 226216000,  48.098774 ,  -4.3267617,  gbscts,  1443951350 
  227410000 , 48.100082 ," -4.319315 
",  gbscts,  1443983550
 226216000,  48.098793 ,  -4.32675,  gbscts,  1443981929 
  227410000 , 48.100082 ," -4.319315 
",  gbscts,  1443983550
 227410000,  48.100082 ,  -4.319315,  gbscts,  1443983550 
  228854000 , 48.098915 ," -4.321103 
",  gbscts,  1443986946
 227410000,  48.0982 ,  -4.3256316,  gbscts,  1443986239 
  228854000 , 48.098915 ," -4.321103 
",  gbscts,  1443986946
 228854000,  48.098915 ,  -4.321103,  gbscts,  1443986946 
  226216000 , 48.098797 ," -4.32675 
",  gbscts,  1443987370
 226216000,  48.098797 ,  -4.32675,  gbscts,  1443987370 
  227410000 , 48.098217 ," -4.3255982 
",  gbscts,  1443987900
 227410000,  48.098217 ,  -4.3255982,  gbscts,  1443987900 
  228854000 , 48.098553 ," -4.32547 
",  gbscts,  1443991987
 228854000,  48.098553 ,  -4.32547,  gbscts,  1443991987 
  227860000 , 48.09922 ," -4.3265266 
",  gbscts,  1443992123
 227860000,  48.09922 ,  -4.3265266,  gbscts,  1443992123 
  227410000 , 48.0992 ," -4.3263984 
",  gbscts,  1443995120
 227860000,  48.099205 ,  -4.3265285,  gbscts,  1443993143 
  227410000 , 48.0992 ," -4.3263984 
",  gbscts,  1443995120
 227410000,  48.0992 ,  -4.3263984,  gbscts,  1443995120 
  227860000 , 48.099213 ," -4.3265715 
",  gbscts,  1443995133
 227860000,  48.099213 ,  -4.3265715,  gbscts,  1443995133 
  226216000 , 48.098793 ," -4.3267517 
",  gbscts,  1444000950
 227988000,  48.377415 ,  -4.8152585,  gbse4q,  1443914456 
  228336000 , 48.37724 ," -4.815553 
",  gbse4q,  1444008094
 226216000,  48.098793 ,  -4.3267517,  gbscts,  1444000950 
  227860000 , 48.099228 ," -4.3260584 
",  gbscts,  1444018822
 226216000,  48.098793 ,  -4.326755,  gbscts,  1444003031 
  227860000 , 48.099228 ," -4.3260584 
",  gbscts,  1444018822
 226216000,  48.098797 ,  -4.326753,  gbscts,  1444005201 
  227860000 , 48.099228 ," -4.3260584 
",  gbscts,  1444018822
 228186700,  48.370834 ,  -4.5124984,  gbsg1m,  1443992375 
  234597000 , 48.3692 ," -4.5138783 
",  gbsg1m,  1444021419
 228186700,  48.370834 ,  -4.5124984,  gbsg1m,  1444001690 
  234597000 , 48.3692 ," -4.5138783 
",  gbsg1m,  1444021419
 228186700,  48.370834 ,  -4.5124984,  gbsg1m,  1444005923 
  234597000 , 48.3692 ," -4.5138783 
",  gbsg1m,  1444021419
 228186700,  48.370834 ,  -4.5124984,  gbsg1m,  1444018742 
  234597000 , 48.3692 ," -4.5138783 
",  gbsg1m,  1444021419
 227574020,  48.38244 ,  -4.496615,  gbsg1x,  1444019261 
  227635210 , 48.383682 ," -4.49535 
",  gbsg1x,  1444021782
 227635210,  48.383682 ,  -4.49535,  gbsg1x,  1444021782 
  227612860 , 48.38085 ," -4.49759 
",  gbsg1x,  1444022592
 227860000,  48.099228 ,  -4.3260584,  gbscts,  1444018822 
  226216000 , 48.09882 ," -4.32676 
",  gbscts,  1444024750
 226216000,  48.09882 ,  -4.32676,  gbscts,  1444024750 
  228854000 , 48.099915 ," -4.3203216 
",  gbscts,  1444025626
 228854000,  48.099915 ,  -4.3203216,  gbscts,  1444025626 
  228133000 , 48.10293 ," -4.3204365 
",  gbscts,  1444025786
 234597000,  48.3692 ,  -4.5138783,  gbsg1m,  1444021419 
  228186700 , 48.370834 ," -4.512665 
",  gbsg1m,  1444025941
 228133000,  48.10293 ,  -4.3204365,  gbscts,  1444025786 
  226216000 , 48.09881 ," -4.3267484 
",  gbscts,  1444026100
 226216000,  48.09881 ,  -4.3267484,  gbscts,  1444026100 
  228015700 , 48.098198 ," -4.325515 
",  gbscts,  1444026359
 228186700,  48.370834 ,  -4.512665,  gbsg1m,  1444025941 
  205204000 , 48.369465 ," -4.514867 
",  gbsg1m,  1444026931
 205204000,  48.369465 ,  -4.514867,  gbsg1m,  1444026931 
  228186700 , 48.370834 ," -4.5124984 
",  gbsg1m,  1444028427
 228015700,  48.098198 ,  -4.325515,  gbscts,  1444026359 
  227002330 , 48.10228 ," -4.320763 
",  gbscts,  1444029968
 228015700,  48.0982 ,  -4.325485,  gbscts,  1444027499 
  227002330 , 48.10228 ," -4.320763 
",  gbscts,  1444029968
 228015700,  48.098194 ,  -4.325505,  gbscts,  1444028238 
  227002330 , 48.10228 ," -4.320763 
",  gbscts,  1444029968
 228015700,  48.098194 ,  -4.3254766,  gbscts,  1444029438 
  227002330 , 48.10228 ," -4.320763 
",  gbscts,  1444029968
 227002330,  48.10228 ,  -4.320763,  gbscts,  1444029968 
  228015700 , 48.098167 ," -4.3255067 
",  gbscts,  1444032599
 228017700,  48.379135 ,  -4.4840584,  gbsg1z,  1443939865 
  227730220 , 48.3793 ," -4.484645 
",  gbsg1z,  1444036746
 228017700,  48.381107 ,  -4.485707,  gbsg1z,  1443986641 
  227730220 , 48.3793 ," -4.484645 
",  gbsg1z,  1444036746
 228017700,  48.379265 ,  -4.4839835,  gbsg1z,  1444026177 
  227730220 , 48.3793 ," -4.484645 
",  gbsg1z,  1444036746
 227612860,  48.38085 ,  -4.49759,  gbsg1x,  1444022592 
  227574020 , 48.38244 ," -4.4966683 
",  gbsg1x,  1444044391
 227612860,  48.38005 ,  -4.4972,  gbsg1x,  1444040302 
  227574020 , 48.38244 ," -4.4966683 
",  gbsg1x,  1444044391
 226243000,  48.00348 ,  -4.67083,  gbs9jd,  1444045580 
  227366000 , 48.000053 ," -4.6711717 
",  gbs9jd,  1444045685
 227574020,  48.38244 ,  -4.4966683,  gbsg1x,  1444044391 
  227612860 , 48.37995 ," -4.497007 
",  gbsg1x,  1444053272
 227410000,  48.121918 ,  -4.4576483,  gbscf8,  1443981040 
  227002330 , 48.121056 ," -4.4604015 
",  gbscf8,  1444054752
 228015700,  48.098167 ,  -4.3255067,  gbscts,  1444032599 
  227002330 , 48.1014 ," -4.3203 
",  gbscts,  1444055764
 228015700,  48.098175 ,  -4.325475,  gbscts,  1444036479 
  227002330 , 48.1014 ," -4.3203 
",  gbscts,  1444055764
 228015700,  48.098186 ,  -4.3255267,  gbscts,  1444037879 
  227002330 , 48.1014 ," -4.3203 
",  gbscts,  1444055764
 228015700,  48.098175 ,  -4.3254967,  gbscts,  1444040398 
  227002330 , 48.1014 ," -4.3203 
",  gbscts,  1444055764
 228015700,  48.098152 ,  -4.325472,  gbscts,  1444044139 
  227002330 , 48.1014 ," -4.3203 
",  gbscts,  1444055764
 228015700,  48.098175 ,  -4.3255134,  gbscts,  1444044998 
  227002330 , 48.1014 ," -4.3203 
",  gbscts,  1444055764
 228015700,  48.098186 ,  -4.32548,  gbscts,  1444047318 
  227002330 , 48.1014 ," -4.3203 
",  gbscts,  1444055764
 227002330,  48.1014 ,  -4.3203,  gbscts,  1444055764 
  226243000 , 48.099106 ," -4.32337 
",  gbscts,  1444058192
 227002330,  48.096207 ,  -4.322417,  gbscte,  1444032116 
  228037600 , 48.097466 ," -4.3230515 
",  gbscte,  1444066671
 227002330,  48.09624 ,  -4.322415,  gbscte,  1444057534 
  228037600 , 48.097466 ," -4.3230515 
",  gbscte,  1444066671
 227002330,  48.09627 ,  -4.322415,  gbscte,  1444059395 
  228037600 , 48.097466 ," -4.3230515 
",  gbscte,  1444066671
 227002330,  48.09624 ,  -4.32239,  gbscte,  1444061864 
  228037600 , 48.097466 ," -4.3230515 
",  gbscte,  1444066671
 227002330,  48.09618 ,  -4.3223534,  gbscte,  1444065464 
  228037600 , 48.097466 ," -4.3230515 
",  gbscte,  1444066671
 226243000,  48.099106 ,  -4.32337,  gbscts,  1444058192 
  228015700 , 48.098186 ," -4.3254485 
",  gbscts,  1444067137
 226243000,  48.103317 ,  -4.318907,  gbscts,  1444061092 
  228015700 , 48.098186 ," -4.3254485 
",  gbscts,  1444067137
 228037600,  48.097466 ,  -4.3230515,  gbscte,  1444066671 
  228037700 , 48.0977 ," -4.3232584 
",  gbscte,  1444067423
 228037700,  48.0977 ,  -4.3232584,  gbscte,  1444067423 
  227002330 , 48.096256 ," -4.3224435 
",  gbscte,  1444067563
 227612860,  48.37995 ,  -4.497007,  gbsg1x,  1444053272 
  227574020 , 48.382355 ," -4.49655 
",  gbsg1x,  1444075911
 228190600,  48.19433 ,  -5.0784416,  gbs6hm,  1444090806 
  228174600 , 48.194935 ," -5.082065 
",  gbs6hm,  1444090850
 228336000,  48.37724 ,  -4.815553,  gbse4q,  1444008094 
  227988000 , 48.376675 ," -4.8138165 
",  gbse4q,  1444091780
 227574020,  48.382355 ,  -4.49655,  gbsg1x,  1444075911 
  227635210 , 48.383663 ," -4.495333 
",  gbsg1x,  1444107944
 227574020,  48.382393 ,  -4.4966016,  gbsg1x,  1444079252 
  227635210 , 48.383663 ," -4.495333 
",  gbsg1x,  1444107944
 227574020,  48.382412 ,  -4.4966283,  gbsg1x,  1444088781 
  227635210 , 48.383663 ," -4.495333 
",  gbsg1x,  1444107944
 227574020,  48.382435 ,  -4.496625,  gbsg1x,  1444089661 
  227635210 , 48.383663 ," -4.495333 
",  gbsg1x,  1444107944
 227574020,  48.382412 ,  -4.4966216,  gbsg1x,  1444107441 
  227635210 , 48.383663 ," -4.495333 
",  gbsg1x,  1444107944
 227635210,  48.383663 ,  -4.495333,  gbsg1x,  1444107944 
  227612860 , 48.38082 ," -4.497785 
",  gbsg1x,  1444108999
 228015700,  48.098186 ,  -4.3254485,  gbscts,  1444067137 
  226179000 , 48.09815 ," -4.3258386 
",  gbscts,  1444110079
 227730220,  48.3793 ,  -4.484645,  gbsg1z,  1444036746 
  228017700 , 48.379723 ," -4.484455 
",  gbsg1z,  1444111567
 227730220,  48.379402 ,  -4.4847465,  gbsg1z,  1444056250 
  228017700 , 48.379723 ," -4.484455 
",  gbsg1z,  1444111567
 227730220,  48.380688 ,  -4.487262,  gbsg1z,  1444100078 
  228017700 , 48.379723 ," -4.484455 
",  gbsg1z,  1444111567
 228017700,  48.379723 ,  -4.484455,  gbsg1z,  1444111567 
  227730220 , 48.378807 ," -4.484093 
",  gbsg1z,  1444112806
 226179000,  48.09815 ,  -4.3258386,  gbscts,  1444110079 
  226177000 , 48.09818 ," -4.325275 
",  gbscts,  1444115093
 227612860,  48.38082 ,  -4.497785,  gbsg1x,  1444108999 
  227574020 , 48.38246 ," -4.496703 
",  gbsg1x,  1444128986
 227612860,  48.380745 ,  -4.497725,  gbsg1x,  1444126689 
  227574020 , 48.38246 ," -4.496703 
",  gbsg1x,  1444128986
 226177000,  48.09818 ,  -4.325275,  gbscts,  1444115093 
  228228800 , 48.099266 ," -4.3195667 
",  gbscts,  1444138531
 226177000,  48.098175 ,  -4.3252783,  gbscts,  1444121544 
  228228800 , 48.099266 ," -4.3195667 
",  gbscts,  1444138531
 227574020,  48.38246 ,  -4.496703,  gbsg1x,  1444128986 
  227612860 , 48.379974 ," -4.497162 
",  gbsg1x,  1444139639
 227574020,  48.38246 ,  -4.496703,  gbsg1x,  1444130974 
  227612860 , 48.379974 ," -4.497162 
",  gbsg1x,  1444139639
 227988000,  48.376675 ,  -4.8138165,  gbse4q,  1444091780 
  227009310 , 48.377247 ," -4.81281 
",  gbse4q,  1444142213
 226084000,  48.328053 ,  -4.898888,  gbsdbt,  1444092864 
  227312180 , 48.328217 ," -4.8977485 
",  gbsdbt,  1444145930
 227730220,  48.378807 ,  -4.484093,  gbsg1z,  1444112806 
  228017700 , 48.381115 ," -4.4857316 
",  gbsg1z,  1444151348
 227730220,  48.37932 ,  -4.4847183,  gbsg1z,  1444140633 
  228017700 , 48.381115 ," -4.4857316 
",  gbsg1z,  1444151348
 227002330,  48.096256 ,  -4.3224435,  gbscte,  1444067563 
  228037700 , 48.09784 ," -4.3234067 
",  gbscte,  1444152873
 227002330,  48.096245 ,  -4.322435,  gbscte,  1444092325 
  228037700 , 48.09784 ," -4.3234067 
",  gbscte,  1444152873
 227002330,  48.096237 ,  -4.32243,  gbscte,  1444100903 
  228037700 , 48.09784 ," -4.3234067 
",  gbscte,  1444152873
 227002330,  48.096252 ,  -4.32242,  gbscte,  1444103124 
  228037700 , 48.09784 ," -4.3234067 
",  gbscte,  1444152873
 227002330,  48.09624 ,  -4.322415,  gbscte,  1444104203 
  228037700 , 48.09784 ," -4.3234067 
",  gbscte,  1444152873
 227002330,  48.096245 ,  -4.322395,  gbscte,  1444106304 
  228037700 , 48.09784 ," -4.3234067 
",  gbscte,  1444152873
 227002330,  48.09622 ,  -4.3224435,  gbscte,  1444113004 
  228037700 , 48.09784 ," -4.3234067 
",  gbscte,  1444152873
 227002330,  48.096275 ,  -4.322405,  gbscte,  1444115694 
  228037700 , 48.09784 ," -4.3234067 
",  gbscte,  1444152873
 227002330,  48.09626 ,  -4.322407,  gbscte,  1444116535 
  228037700 , 48.09784 ," -4.3234067 
",  gbscte,  1444152873
 227002330,  48.096245 ,  -4.322368,  gbscte,  1444144796 
  228037700 , 48.09784 ," -4.3234067 
",  gbscte,  1444152873
 227002330,  48.09622 ,  -4.32238,  gbscte,  1444147656 
  228037700 , 48.09784 ," -4.3234067 
",  gbscte,  1444152873
 227002330,  48.096245 ,  -4.3224034,  gbscte,  1444148586 
  228037700 , 48.09784 ," -4.3234067 
",  gbscte,  1444152873
 227002330,  48.096245 ,  -4.3224216,  gbscte,  1444149746 
  228037700 , 48.09784 ," -4.3234067 
",  gbscte,  1444152873
 227002330,  48.09624 ,  -4.322398,  gbscte,  1444152095 
  228037700 , 48.09784 ," -4.3234067 
",  gbscte,  1444152873
 228228800,  48.099266 ,  -4.3195667,  gbscts,  1444138531 
  226179000 , 48.098198 ," -4.325735 
",  gbscts,  1444153258
 228186700,  48.370834 ,  -4.5124984,  gbsg1m,  1444052747 
  275346000 , 48.369747 ," -4.5147533 
",  gbsg1m,  1444153721
 228186700,  48.370834 ,  -4.5124984,  gbsg1m,  1444061228 
  275346000 , 48.369747 ," -4.5147533 
",  gbsg1m,  1444153721
 228186700,  48.370834 ,  -4.5124984,  gbsg1m,  1444071031 
  275346000 , 48.369747 ," -4.5147533 
",  gbsg1m,  1444153721
 228186700,  48.370834 ,  -4.5124984,  gbsg1m,  1444080492 
  275346000 , 48.369747 ," -4.5147533 
",  gbsg1m,  1444153721
 228186700,  48.370834 ,  -4.5124984,  gbsg1m,  1444092132 
  275346000 , 48.369747 ," -4.5147533 
",  gbsg1m,  1444153721
 228186700,  48.370834 ,  -4.5124984,  gbsg1m,  1444104186 
  275346000 , 48.369747 ," -4.5147533 
",  gbsg1m,  1444153721
 228186700,  48.370834 ,  -4.5124984,  gbsg1m,  1444133751 
  275346000 , 48.369747 ," -4.5147533 
",  gbsg1m,  1444153721
 228037700,  48.09784 ,  -4.3234067,  gbscte,  1444152873 
  227002330 , 48.096233 ," -4.322378 
",  gbscte,  1444155576
 227002330,  48.096233 ,  -4.322378,  gbscte,  1444155576 
  228288000 , 48.09797 ," -4.3242383 
",  gbscte,  1444156786
 228288000,  48.09797 ,  -4.3242383,  gbscte,  1444156786 
  227143600 , 48.09801 ," -4.3238115 
",  gbscte,  1444157180
 227143600,  48.09801 ,  -4.3238115,  gbscte,  1444157180 
  228288000 , 48.098015 ," -4.3242 
",  gbscte,  1444159058
 228288000,  48.098015 ,  -4.3242,  gbscte,  1444159058 
  227002330 , 48.096226 ," -4.32238 
",  gbscte,  1444159185
 227002330,  48.096226 ,  -4.32238,  gbscte,  1444159185 
  228288000 , 48.098045 ," -4.32418 
",  gbscte,  1444163717
 227002330,  48.096226 ,  -4.322375,  gbscte,  1444160496 
  228288000 , 48.098045 ," -4.32418 
",  gbscte,  1444163717
 227002330,  48.096268 ,  -4.322365,  gbscte,  1444161397 
  228288000 , 48.098045 ," -4.32418 
",  gbscte,  1444163717
 227002330,  48.096233 ,  -4.322358,  gbscte,  1444163277 
  228288000 , 48.098045 ," -4.32418 
",  gbscte,  1444163717
 228288000,  48.098045 ,  -4.32418,  gbscte,  1444163717 
  227143600 , 48.098 ," -4.32384 
",  gbscte,  1444163901
 227143600,  48.098 ,  -4.32384,  gbscte,  1444163901 
  228288000 , 48.09807 ," -4.3241982 
",  gbscte,  1444167418
 227612860,  48.379974 ,  -4.497162,  gbsg1x,  1444139639 
  227574020 , 48.382446 ," -4.49661 
",  gbsg1x,  1444169816
 226179000,  48.098198 ,  -4.325735,  gbscts,  1444153258 
  228190600 , 48.098972 ," -4.3266034 
",  gbscts,  1444170468
 275346000,  48.369747 ,  -4.5147533,  gbsg1m,  1444153721 
  228186700 , 48.370834 ," -4.512665 
",  gbsg1m,  1444176417
 227009310,  48.377247 ,  -4.81281,  gbse4q,  1444142213 
  227988000 , 48.37738 ," -4.814385 
",  gbse4q,  1444178645
 228190600,  48.098972 ,  -4.3266034,  gbscts,  1444170468 
  228288000 , 48.098255 ," -4.3264084 
",  gbscts,  1444183938
 228190600,  48.098953 ,  -4.326605,  gbscts,  1444175137 
  228288000 , 48.098255 ," -4.3264084 
",  gbscts,  1444183938
 228190600,  48.098953 ,  -4.3266,  gbscts,  1444180177 
  228288000 , 48.098255 ," -4.3264084 
",  gbscts,  1444183938
 228190600,  48.098923 ,  -4.326617,  gbscts,  1444183157 
  228288000 , 48.098255 ," -4.3264084 
",  gbscts,  1444183938
 228288000,  48.09807 ,  -4.3241982,  gbscte,  1444167418 
  227002330 , 48.096214 ," -4.322405 
",  gbscte,  1444186405
 228017700,  48.381115 ,  -4.4857316,  gbsg1z,  1444151348 
  227730220 , 48.380665 ," -4.48728 
",  gbsg1z,  1444186621
 228288000,  48.098255 ,  -4.3264084,  gbscts,  1444183938 
  226177000 , 48.098152 ," -4.324983 
",  gbscts,  1444188904
 228288000,  48.09822 ,  -4.3264384,  gbscts,  1444186767 
  226177000 , 48.098152 ," -4.324983 
",  gbscts,  1444188904
 227574020,  48.382446 ,  -4.49661,  gbsg1x,  1444169816 
  227635210 , 48.383675 ," -4.49533 
",  gbsg1x,  1444193681
 227574020,  48.38241 ,  -4.4966035,  gbsg1x,  1444171475 
  227635210 , 48.383675 ," -4.49533 
",  gbsg1x,  1444193681
 227574020,  48.382393 ,  -4.4966216,  gbsg1x,  1444172396 
  227635210 , 48.383675 ," -4.49533 
",  gbsg1x,  1444193681
 227574020,  48.382397 ,  -4.496605,  gbsg1x,  1444174075 
  227635210 , 48.383675 ," -4.49533 
",  gbsg1x,  1444193681
 227574020,  48.382393 ,  -4.4966383,  gbsg1x,  1444175665 
  227635210 , 48.383675 ," -4.49533 
",  gbsg1x,  1444193681
 227574020,  48.38241 ,  -4.4966016,  gbsg1x,  1444179685 
  227635210 , 48.383675 ," -4.49533 
",  gbsg1x,  1444193681
 227002330,  48.096214 ,  -4.322405,  gbscte,  1444186405 
  226177000 , 48.098137 ," -4.325005 
",  gbscte,  1444194124
 227002330,  48.09623 ,  -4.322358,  gbscte,  1444187266 
  226177000 , 48.098137 ," -4.325005 
",  gbscte,  1444194124
 227002330,  48.09624 ,  -4.322417,  gbscte,  1444189857 
  226177000 , 48.098137 ," -4.325005 
",  gbscte,  1444194124
 227002330,  48.096256 ,  -4.322418,  gbscte,  1444191666 
  226177000 , 48.098137 ," -4.325005 
",  gbscte,  1444194124
 227002330,  48.096233 ,  -4.3224015,  gbscte,  1444194025 
  226177000 , 48.098137 ," -4.325005 
",  gbscte,  1444194124
 227635210,  48.383675 ,  -4.49533,  gbsg1x,  1444193681 
  227612860 , 48.3807 ," -4.497617 
",  gbsg1x,  1444195314
 226177000,  48.098137 ,  -4.325005,  gbscte,  1444194124 
  227002330 , 48.096268 ," -4.322408 
",  gbscte,  1444195925
 227612860,  48.3807 ,  -4.497617,  gbsg1x,  1444195314 
  234056000 , 48.380283 ," -4.4981785 
",  gbsg1x,  1444196102
 227002330,  48.096268 ,  -4.322408,  gbscte,  1444195925 
  228037700 , 48.097775 ," -4.323448 
",  gbscte,  1444198075
 228037700,  48.097775 ,  -4.323448,  gbscte,  1444198075 
  226177000 , 48.098114 ," -4.324685 
",  gbscte,  1444199154
 227730220,  48.380665 ,  -4.48728,  gbsg1z,  1444186621 
  228017700 , 48.378456 ," -4.4838467 
",  gbsg1z,  1444199159
 227730220,  48.37841 ,  -4.4840117,  gbsg1z,  1444196743 
  228017700 , 48.378456 ," -4.4838467 
",  gbsg1z,  1444199159
 226177000,  48.098114 ,  -4.324685,  gbscte,  1444199154 
  227002330 , 48.096203 ," -4.322427 
",  gbscte,  1444199396
 228186700,  48.370834 ,  -4.512665,  gbsg1m,  1444176417 
  275346000 , 48.369785 ," -4.514135 
",  gbsg1m,  1444199431
 275346000,  48.369785 ,  -4.514135,  gbsg1m,  1444199431 
  205204000 , 48.368053 ," -4.513592 
",  gbsg1m,  1444199981
 226177000,  48.098152 ,  -4.324983,  gbscts,  1444188904 
  228288000 , 48.09824 ," -4.326445 
",  gbscts,  1444200606
 226177000,  48.09815 ,  -4.325,  gbscts,  1444192553 
  228288000 , 48.09824 ," -4.326445 
",  gbscts,  1444200606
 226177000,  48.098167 ,  -4.3250065,  gbscts,  1444196963 
  228288000 , 48.09824 ," -4.326445 
",  gbscts,  1444200606
 228017700,  48.378456 ,  -4.4838467,  gbsg1z,  1444199159 
  227306100 , 48.380547 ," -4.4869967 
",  gbsg1z,  1444203465
 234056000,  48.380283 ,  -4.4981785,  gbsg1x,  1444196102 
  227635210 , 48.383675 ," -4.495342 
",  gbsg1x,  1444204025
 227635210,  48.383675 ,  -4.495342,  gbsg1x,  1444204025 
  227574020 , 48.38242 ," -4.4966183 
",  gbsg1x,  1444206301
 227592820,  48.37298 ,  -4.4907684,  gbsg1y,  1444140845 
  227730220 , 48.37799 ," -4.484268 
",  gbsg1y,  1444207216
 227574020,  48.38242 ,  -4.4966183,  gbsg1x,  1444206301 
  227612860 , 48.380295 ," -4.497442 
",  gbsg1x,  1444213086
 227574020,  48.382385 ,  -4.4966135,  gbsg1x,  1444207610 
  227612860 , 48.380295 ," -4.497442 
",  gbsg1x,  1444213086
 228288000,  48.09824 ,  -4.326445,  gbscts,  1444200606 
  227146400 , 48.098988 ," -4.3204618 
",  gbscts,  1444214460
 228288000,  48.098293 ,  -4.3264084,  gbscts,  1444207007 
  227146400 , 48.098988 ," -4.3204618 
",  gbscts,  1444214460
 228288000,  48.098255 ,  -4.3264,  gbscts,  1444210146 
  227146400 , 48.098988 ," -4.3204618 
",  gbscts,  1444214460
 227146400,  48.098988 ,  -4.3204618,  gbscts,  1444214460 
  228288000 , 48.09827 ," -4.3264217 
",  gbscts,  1444216098
 228288000,  48.09827 ,  -4.3264217,  gbscts,  1444216098 
  227143600 , 48.098408 ," -4.326347 
",  gbscts,  1444216161
 227002330,  48.096203 ,  -4.322427,  gbscte,  1444199396 
  227146400 , 48.098034 ," -4.323993 
",  gbscte,  1444216580
 227002330,  48.09628 ,  -4.3224235,  gbscte,  1444201485 
  227146400 , 48.098034 ," -4.323993 
",  gbscte,  1444216580
 227002330,  48.096252 ,  -4.322445,  gbscte,  1444206886 
  227146400 , 48.098034 ," -4.323993 
",  gbscte,  1444216580
 227306100,  48.380547 ,  -4.4869967,  gbsg1z,  1444203465 
  227730220 , 48.38068 ," -4.4872665 
",  gbsg1z,  1444216711
 227612860,  48.380295 ,  -4.497442,  gbsg1x,  1444213086 
  227635210 , 48.383667 ," -4.49534 
",  gbsg1x,  1444218316
 304655000,  48.37887 ,  -4.4668665,  gbsg4r,  1444140550 
  356101000 , 48.383057 ," -4.4646435 
",  gbsg4r,  1444220267
 227146400,  48.098034 ,  -4.323993,  gbscte,  1444216580 
  227391000 , 48.09814 ," -4.3250933 
",  gbscte,  1444221359
 227146400,  48.098026 ,  -4.324,  gbscte,  1444218139 
  227391000 , 48.09814 ," -4.3250933 
",  gbscte,  1444221359
 227146400,  48.098034 ,  -4.323992,  gbscte,  1444221159 
  227391000 , 48.09814 ," -4.3250933 
",  gbscte,  1444221359
 227143600,  48.098408 ,  -4.326347,  gbscts,  1444216161 
  228843000 , 48.09824 ," -4.325822 
",  gbscts,  1444222286
 205204000,  48.368053 ,  -4.513592,  gbsg1m,  1444199981 
  228186700 , 48.370834 ," -4.5124984 
",  gbsg1m,  1444224016
 227391000,  48.09814 ,  -4.3250933,  gbscte,  1444221359 
  227146400 , 48.098026 ," -4.323995 
",  gbscte,  1444225940
 227635210,  48.383667 ,  -4.49534,  gbsg1x,  1444218316 
  227612860 , 48.38017 ," -4.497465 
",  gbsg1x,  1444226024
 227146400,  48.098026 ,  -4.323995,  gbscte,  1444225940 
  228037600 , 48.097652 ," -4.323245 
",  gbscte,  1444226781
 356101000,  48.383057 ,  -4.4646435,  gbsg4r,  1444220267 
  245926000 , 48.380672 ," -4.4700766 
",  gbsg4r,  1444227326
 227114300,  48.35608 ,  -4.785917,  gbse54,  1444178982 
  228017700 , 48.3558 ," -4.7862434 
",  gbse54,  1444234996
 228037600,  48.097652 ,  -4.323245,  gbscte,  1444226781 
  227146400 , 48.09807 ," -4.32389 
",  gbscte,  1444235000
 227114300,  48.23897 ,  -4.9427433,  gbs6rt,  1444124285 
  228333000 , 48.240368 ," -4.9378815 
",  gbs6rt,  1444237186
 227146400,  48.09807 ,  -4.32389,  gbscte,  1444235000 
  227391000 , 48.098095 ," -4.32458 
",  gbscte,  1444237699
 228843000,  48.09824 ,  -4.325822,  gbscts,  1444222286 
  227391000 , 48.098186 ," -4.324185 
",  gbscts,  1444239470
 228843000,  48.09823 ,  -4.32585,  gbscts,  1444225986 
  227391000 , 48.098186 ," -4.324185 
",  gbscts,  1444239470
 228843000,  48.09817 ,  -4.32525,  gbscts,  1444227478 
  227391000 , 48.098186 ," -4.324185 
",  gbscts,  1444239470
 228843000,  48.098175 ,  -4.325265,  gbscts,  1444228346 
  227391000 , 48.098186 ," -4.324185 
",  gbscts,  1444239470
 228843000,  48.098175 ,  -4.325265,  gbscts,  1444229587 
  227391000 , 48.098186 ," -4.324185 
",  gbscts,  1444239470
 228843000,  48.09816 ,  -4.325267,  gbscts,  1444231016 
  227391000 , 48.098186 ," -4.324185 
",  gbscts,  1444239470
 228843000,  48.098194 ,  -4.32528,  gbscts,  1444233336 
  227391000 , 48.098186 ," -4.324185 
",  gbscts,  1444239470
 227391000,  48.098186 ,  -4.324185,  gbscts,  1444239470 
  228843000 , 48.09833 ," -4.325455 
",  gbscts,  1444239837
 228843000,  48.09833 ,  -4.325455,  gbscts,  1444239837 
  228190600 , 48.098953 ," -4.32661 
",  gbscts,  1444240276
 227730220,  48.38068 ,  -4.4872665,  gbsg1z,  1444216711 
  227005550 , 48.3807 ," -4.4873 
",  gbsg1z,  1444244051
 227730220,  48.379494 ,  -4.484835,  gbsg1z,  1444239387 
  227005550 , 48.3807 ," -4.4873 
",  gbsg1z,  1444244051
 228186700,  48.370834 ,  -4.5124984,  gbsg1m,  1444224016 
  259019000 , 48.369354 ," -4.5139465 
",  gbsg1m,  1444245490
 228213700,  47.998085 ,  -4.833037,  gbs941,  1444254114 
  228167900 , 47.99617 ," -4.825405 
",  gbs941,  1444254162
 228190600,  48.098953 ,  -4.32661,  gbscts,  1444240276 
  228931000 , 48.098743 ," -4.3219585 
",  gbscts,  1444258711
 228190600,  48.098972 ,  -4.326568,  gbscts,  1444243197 
  228931000 , 48.098743 ," -4.3219585 
",  gbscts,  1444258711
 228931000,  48.098743 ,  -4.3219585,  gbscts,  1444258711 
  228157000 , 48.098217 ," -4.3257284 
",  gbscts,  1444261458
 228157000,  48.098217 ,  -4.3257284,  gbscts,  1444261458 
  236401000 , 48.098667 ," -4.3238316 
",  gbscts,  1444278548
 228157000,  48.098927 ,  -4.322787,  gbscts,  1444265258 
  236401000 , 48.098667 ," -4.3238316 
",  gbscts,  1444278548
 227612860,  48.38017 ,  -4.497465,  gbsg1x,  1444226024 
  227635210 , 48.38365 ," -4.49533 
",  gbsg1x,  1444281745
 227635210,  48.38365 ,  -4.49533,  gbsg1x,  1444281745 
  227612860 , 48.380875 ," -4.497763 
",  gbsg1x,  1444281779
 236401000,  48.098667 ,  -4.3238316,  gbscts,  1444278548 
  228190600 , 48.09897 ," -4.326627 
",  gbscts,  1444282876
 226263000,  48.46809 ,  -5.0488133,  gbs7tp,  1444203666 
  228064900 , 48.46813 ," -5.0495934 
",  gbs7tp,  1444285278
 227005550,  48.3807 ,  -4.4873,  gbsg1z,  1444244051 
  228017700 , 48.37953 ," -4.484297 
",  gbsg1z,  1444285527
 227005550,  48.380768 ,  -4.4872684,  gbsg1z,  1444278306 
  228017700 , 48.37953 ," -4.484297 
",  gbsg1z,  1444285527
 228017700,  48.37953 ,  -4.484297,  gbsg1z,  1444285527 
  227008170 , 48.37975 ," -4.484565 
",  gbsg1z,  1444288610
 228211900,  48.37646 ,  -4.8101983,  gbse4w,  1444265119 
  228017700 , 48.375027 ," -4.8082232 
",  gbse4w,  1444291045
 236401000,  48.16083 ,  -5.0174985,  gbs3vz,  1444263229 
  228333000 , 48.163666 ," -5.0174985 
",  gbs3vz,  1444291920
 228017700,  48.413387 ,  -4.95019,  gbs7rm,  1444231482 
  227008170 , 48.41315 ," -4.949782 
",  gbs7rm,  1444295269
 228333000,  48.16895 ,  -4.983198,  gbs6n8,  1444279880 
  37100300 , 48.16441 ," -4.9784617 
",  gbs6n8,  1444298703
 227008170,  48.37975 ,  -4.484565,  gbsg1z,  1444288610 
  227005550 , 48.38073 ," -4.487272 
",  gbsg1z,  1444308078
 259019000,  48.369354 ,  -4.5139465,  gbsg1m,  1444245490 
  211211220 , 48.36923 ," -4.513195 
",  gbsg1m,  1444314727
 227391000,  48.098095 ,  -4.32458,  gbscte,  1444237699 
  228037600 , 48.097553 ," -4.32312 
",  gbscte,  1444315033
 228190600,  48.09897 ,  -4.326627,  gbscts,  1444282876 
  228150000 , 48.098934 ," -4.326635 
",  gbscts,  1444317532
 228190600,  48.09894 ,  -4.3266034,  gbscts,  1444284438 
  228150000 , 48.098934 ," -4.326635 
",  gbscts,  1444317532
 228190600,  48.09892 ,  -4.32662,  gbscts,  1444286696 
  228150000 , 48.098934 ," -4.326635 
",  gbscts,  1444317532
 228190600,  48.098923 ,  -4.326605,  gbscts,  1444295336 
  228150000 , 48.098934 ," -4.326635 
",  gbscts,  1444317532
 228150000,  48.098934 ,  -4.326635,  gbscts,  1444317532 
  227981000 , 48.10208 ," -4.3205633 
",  gbscts,  1444321734
 227981000,  48.10208 ,  -4.3205633,  gbscts,  1444321734 
  228150000 , 48.098946 ," -4.326638 
",  gbscts,  1444322862
 228037600,  48.097553 ,  -4.32312,  gbscte,  1444315033 
  227436000 , 48.097984 ," -4.3238816 
",  gbscte,  1444324148
 227002630,  48.00753 ,  -4.63696,  gbs9n7,  1444315294 
  227142200 , 48.00525 ," -4.6419835 
",  gbs9n7,  1444329529
 227612860,  48.380875 ,  -4.497763,  gbsg1x,  1444281779 
  227574020 , 48.38237 ," -4.4966235 
",  gbsg1x,  1444331361
 227612860,  48.380966 ,  -4.497803,  gbsg1x,  1444299447 
  227574020 , 48.38237 ," -4.4966235 
",  gbsg1x,  1444331361
 227612860,  48.380554 ,  -4.497675,  gbsg1x,  1444312470 
  227574020 , 48.38237 ," -4.4966235 
",  gbsg1x,  1444331361
 227318020,  47.91316 ,  -4.7859836,  gbs8e4,  1444344008 
  228144000 , 47.916145 ," -4.7868814 
",  gbs8e4,  1444344222
 228156900,  47.907425 ,  -4.8069983,  gbs8d9,  1444345826 
  228213700 , 47.909935 ," -4.8084617 
",  gbs8d9,  1444345924
 228144000,  47.916145 ,  -4.7868814,  gbs8e4,  1444344222 
  228208700 , 47.91279 ," -4.787852 
",  gbs8e4,  1444345936
 227590980,  47.91232 ,  -4.767063,  gbs8ed,  1444345205 
  227142200 , 47.91398 ," -4.7654433 
",  gbs8ed,  1444347200
 228208800,  47.906597 ,  -4.757695,  gbs8e9,  1444269920 
  227142200 , 47.907772 ," -4.76338 
",  gbs8e9,  1444349839
 228017700,  48.35658 ,  -4.7862616,  gbse55,  1444321967 
  226084000 , 48.35966 ," -4.78361 
",  gbse55,  1444350282
 228150000,  48.098946 ,  -4.326638,  gbscts,  1444322862 
  228190600 , 48.0992 ," -4.3264217 
",  gbscts,  1444350296
 228156900,  47.90294 ,  -4.79829,  gbs8db,  1444344066 
  228160000 , 47.900574 ," -4.7948165 
",  gbs8db,  1444350891
 226084000,  48.35966 ,  -4.78361,  gbse55,  1444350282 
  227114300 , 48.359566 ," -4.7835565 
",  gbse55,  1444351298
 228813000,  47.90902 ,  -4.7700815,  gbs8e3,  1444301984 
  228156900 , 47.906307 ," -4.7693615 
",  gbs8e3,  1444351366
 228813000,  47.906506 ,  -4.7751,  gbs8e3,  1444308925 
  228156900 , 47.906307 ," -4.7693615 
",  gbs8e3,  1444351366
 227635680,  47.89918 ,  -4.7471766,  gbs87z,  1444336461 
  227318010 , 47.89945 ," -4.7550983 
",  gbs87z,  1444354589
 228037700,  47.894257 ,  -4.7502866,  gbs87y,  1444351739 
  228213700 , 47.890106 ," -4.754715 
",  gbs87y,  1444357603
 227574020,  48.38237 ,  -4.4966235,  gbsg1x,  1444331361 
  227635210 , 48.383644 ," -4.49545 
",  gbsg1x,  1444365281
 227574020,  48.382385 ,  -4.49659,  gbsg1x,  1444336011 
  227635210 , 48.383644 ," -4.49545 
",  gbsg1x,  1444365281
 227574020,  48.38244 ,  -4.496575,  gbsg1x,  1444339780 
  227635210 , 48.383644 ," -4.49545 
",  gbsg1x,  1444365281
 227635210,  48.383644 ,  -4.49545,  gbsg1x,  1444365281 
  227612860 , 48.380795 ," -4.4976883 
",  gbsg1x,  1444365928
 228156900,  47.900494 ,  -4.72991,  gbs8s2,  1444272545 
  228813000 , 47.9054 ," -4.7265368 
",  gbs8s2,  1444367915
 227318010,  47.912018 ,  -4.7498317,  gbs8ef,  1444342548 
  228813000 , 47.913025 ," -4.755242 
",  gbs8ef,  1444369786
 227005550,  48.38073 ,  -4.487272,  gbsg1z,  1444308078 
  227008170 , 48.38035 ," -4.484815 
",  gbsg1z,  1444369847
 227005550,  48.379013 ,  -4.484132,  gbsg1z,  1444327626 
  227008170 , 48.38035 ," -4.484815 
",  gbsg1z,  1444369847
 227008170,  48.38035 ,  -4.484815,  gbsg1z,  1444369847 
  228017700 , 48.379032 ," -4.4838667 
",  gbsg1z,  1444371811
 228017700,  48.379032 ,  -4.4838667,  gbsg1z,  1444371811 
  227005550 , 48.380707 ," -4.4873066 
",  gbsg1z,  1444373121
 228017700,  48.375027 ,  -4.8082232,  gbse4w,  1444291045 
  227008170 , 48.37625 ," -4.811265 
",  gbse4w,  1444374798
 227005550,  48.380707 ,  -4.4873066,  gbsg1z,  1444373121 
  227306100 , 48.380516 ," -4.487038 
",  gbsg1z,  1444378500
 227306100,  48.380516 ,  -4.487038,  gbsg1z,  1444378500 
  227005550 , 48.380714 ," -4.487275 
",  gbsg1z,  1444382115
 227005550,  48.380714 ,  -4.487275,  gbsg1z,  1444382115 
  228051000 , 48.381294 ," -4.48509 
",  gbsg1z,  1444384264
 211211220,  48.36923 ,  -4.513195,  gbsg1m,  1444314727 
  228186700 , 48.370834 ," -4.512665 
",  gbsg1m,  1444392417
 227142200,  47.91398 ,  -4.7654433,  gbs8ed,  1444347200 
  228813000 , 47.9138 ," -4.758315 
",  gbs8ed,  1444394876
 227318010,  47.911182 ,  -4.755665,  gbs8ec,  1444349717 
  228813000 , 47.90997 ," -4.754835 
",  gbs8ec,  1444398765
 228051000,  48.381294 ,  -4.48509,  gbsg1z,  1444384264 
  227005550 , 48.3807 ," -4.487315 
",  gbsg1z,  1444399814
 227318010,  47.89945 ,  -4.7550983,  gbs87z,  1444354589 
  228813000 , 47.89535 ," -4.754667 
",  gbs87z,  1444400025
 228213700,  48.008053 ,  -4.654713,  gbs9n5,  1444341063 
  227002630 , 48.008312 ," -4.6547465 
",  gbs9n5,  1444401445
 228333000,  47.966633 ,  -4.677815,  gbs8vs,  1444302258 
  227314000 , 47.967453 ," -4.669678 
",  gbs8vs,  1444403065
 227142200,  48.00525 ,  -4.6419835,  gbs9n7,  1444329529 
  227002630 , 48.006855 ," -4.6373715 
",  gbs9n7,  1444411905
 227114300,  48.359566 ,  -4.7835565,  gbse55,  1444351298 
  227820000 , 48.36002 ," -4.7839518 
",  gbse55,  1444413321
 228017700,  48.383266 ,  -4.8216166,  gbse4r,  1444377446 
  228211900 , 48.378788 ," -4.8166084 
",  gbse4r,  1444439462
 228017700,  48.381252 ,  -4.81854,  gbse4r,  1444407397 
  228211900 , 48.378788 ," -4.8166084 
",  gbse4r,  1444439462
 227612860,  48.380795 ,  -4.4976883,  gbsg1x,  1444365928 
  227705102 , 48.38368 ," -4.495353 
",  gbsg1x,  1444454960
 227612860,  48.37942 ,  -4.49613,  gbsg1x,  1444376652 
  227705102 , 48.38368 ," -4.495353 
",  gbsg1x,  1444454960
 227612860,  48.380554 ,  -4.4976416,  gbsg1x,  1444396479 
  227705102 , 48.38368 ," -4.495353 
",  gbsg1x,  1444454960
 227005550,  48.3807 ,  -4.487315,  gbsg1z,  1444399814 
  228017700 , 48.379696 ," -4.484393 
",  gbsg1z,  1444458122
 228017700,  48.379696 ,  -4.484393,  gbsg1z,  1444458122 
  227306100 , 48.380516 ," -4.487035 
",  gbsg1z,  1444462037
 228336000,  48.361073 ,  -4.7941484,  gbse4g,  1444438838 
  228017700 , 48.35831 ," -4.7901983 
",  gbse4g,  1444463330
 227306100,  48.380516 ,  -4.487035,  gbsg1z,  1444462037 
  227005550 , 48.38074 ," -4.4872484 
",  gbsg1z,  1444471119
 227005550,  48.38074 ,  -4.4872484,  gbsg1z,  1444471119 
  228051000 , 48.38132 ," -4.485105 
",  gbsg1z,  1444471874
 228051000,  48.38132 ,  -4.485105,  gbsg1z,  1444471874 
  227005550 , 48.379417 ," -4.484625 
",  gbsg1z,  1444486578
 227820000,  48.36002 ,  -4.7839518,  gbse55,  1444413321 
  228017700 , 48.35746 ," -4.7867618 
",  gbse55,  1444494139
 228190600,  48.09921 ,  -4.3264217,  gbscts,  1444482566 
  227392000 , 48.09816 ," -4.3250666 
",  gbscts,  1444542583
 228190600,  48.099228 ,  -4.326415,  gbscts,  1444509327 
  227392000 , 48.09816 ," -4.3250666 
",  gbscts,  1444542583
 228190600,  48.0992 ,  -4.326425,  gbscts,  1444510517 
  227392000 , 48.09816 ," -4.3250666 
",  gbscts,  1444542583
 227005550,  48.379417 ,  -4.484625,  gbsg1z,  1444486578 
  227003050 , 48.378845 ," -4.483423 
",  gbsg1z,  1444544747
 227005550,  48.380733 ,  -4.4872985,  gbsg1z,  1444503041 
  227003050 , 48.378845 ," -4.483423 
",  gbsg1z,  1444544747
 227003050,  48.378845 ,  -4.483423,  gbsg1z,  1444544747 
  227306100 , 48.380527 ," -4.4870315 
",  gbsg1z,  1444548249
 228017700,  48.35831 ,  -4.7901983,  gbse4g,  1444463330 
  227003050 , 48.361248 ," -4.796507 
",  gbse4g,  1444549789
 228017700,  48.35952 ,  -4.7914834,  gbse4g,  1444478621 
  227003050 , 48.361248 ," -4.796507 
",  gbse4g,  1444549789
 227392000,  48.09816 ,  -4.3250666,  gbscts,  1444542583 
  227330000 , 48.099087 ," -4.319025 
",  gbscts,  1444558768
 227392000,  48.098152 ,  -4.32508,  gbscts,  1444547012 
  227330000 , 48.099087 ," -4.319025 
",  gbscts,  1444558768
 227306100,  48.380527 ,  -4.4870315,  gbsg1z,  1444548249 
  227005550 , 48.380005 ," -4.485522 
",  gbsg1z,  1444561192
 227330000,  48.099087 ,  -4.319025,  gbscts,  1444558768 
  227392000 , 48.0982 ," -4.3257 
",  gbscts,  1444563757
 227392000,  48.0982 ,  -4.3257,  gbscts,  1444563757 
  228190600 , 48.099205 ," -4.326415 
",  gbscts,  1444599927
 227635680,  48.007614 ,  -4.6642265,  gbs9jg,  1444599768 
  228037700 , 48.005886 ," -4.6674666 
",  gbs9jg,  1444601751
 228190600,  48.099205 ,  -4.326415,  gbscts,  1444599927 
  226178000 , 48.098175 ," -4.3252983 
",  gbscts,  1444607737
 226178000,  48.274513 ,  -5.0771966,  gbs6sk,  1444593726 
  228236700 , 48.275806 ," -5.083885 
",  gbs6sk,  1444609789
 228017700,  48.35746 ,  -4.7867618,  gbse55,  1444494139 
  227114300 , 48.35964 ," -4.783515 
",  gbse55,  1444610844
 228037600,  48.097687 ,  -4.3233685,  gbscte,  1444573848 
  227144200 , 48.098045 ," -4.324305 
",  gbscte,  1444619666
 227144200,  48.098045 ,  -4.324305,  gbscte,  1444619666 
  228156900 , 48.098057 ," -4.3242235 
",  gbscte,  1444621522
 236038000,  48.079254 ,  -5.2584567,  gbs382,  1444553649 
  248043000 , 48.0763 ," -5.2583365 
",  gbs382,  1444623666
 227005550,  48.380005 ,  -4.485522,  gbsg1z,  1444561192 
  228051000 , 48.3813 ," -4.4850783 
",  gbsg1z,  1444628816
 227005550,  48.37872 ,  -4.4839215,  gbsg1z,  1444570438 
  228051000 , 48.3813 ," -4.4850783 
",  gbsg1z,  1444628816
 227005550,  48.3785 ,  -4.483765,  gbsg1z,  1444577124 
  228051000 , 48.3813 ," -4.4850783 
",  gbsg1z,  1444628816
 227005550,  48.380695 ,  -4.487282,  gbsg1z,  1444615665 
  228051000 , 48.3813 ," -4.4850783 
",  gbsg1z,  1444628816
 227005550,  48.378963 ,  -4.4841,  gbsg1z,  1444620071 
  228051000 , 48.3813 ," -4.4850783 
",  gbsg1z,  1444628816
 227005550,  48.38042 ,  -4.48633,  gbsg1z,  1444628714 
  228051000 , 48.3813 ," -4.4850783 
",  gbsg1z,  1444628816
 228051000,  48.3813 ,  -4.4850783,  gbsg1z,  1444628816 
  227003050 , 48.378525 ," -4.483825 
",  gbsg1z,  1444631045
 228156900,  48.098057 ,  -4.3242235,  gbscte,  1444621522 
  227314000 , 48.09754 ," -4.323127 
",  gbscte,  1444632805
 228156900,  48.098053 ,  -4.32425,  gbscte,  1444622962 
  227314000 , 48.09754 ," -4.323127 
",  gbscte,  1444632805
 228156900,  48.095753 ,  -4.322437,  gbscte,  1444626832 
  227314000 , 48.09754 ," -4.323127 
",  gbscte,  1444632805
 227003050,  48.378525 ,  -4.483825,  gbsg1z,  1444631045 
  227577000 , 48.382027 ," -4.48604 
",  gbsg1z,  1444635317
 227577000,  48.382027 ,  -4.48604,  gbsg1z,  1444635317 
  227306100 , 48.380516 ," -4.487075 
",  gbsg1z,  1444635324
 227635210,  48.382446 ,  -4.49668,  gbsg1x,  1444626065 
  227580520 , 48.37956 ," -4.497103 
",  gbsg1x,  1444640662
 226178000,  48.098175 ,  -4.3252983,  gbscts,  1444607737 
  228236700 , 48.098198 ," -4.325665 
",  gbscts,  1444641118
 226178000,  48.098152 ,  -4.325295,  gbscts,  1444634105 
  228236700 , 48.098198 ," -4.325665 
",  gbscts,  1444641118
 226178000,  48.098175 ,  -4.3252683,  gbscts,  1444635528 
  228236700 , 48.098198 ," -4.325665 
",  gbscts,  1444641118
 226178000,  48.098167 ,  -4.32528,  gbscts,  1444638396 
  228236700 , 48.098198 ," -4.325665 
",  gbscts,  1444641118
 226178000,  48.09818 ,  -4.3252735,  gbscts,  1444639646 
  228236700 , 48.098198 ," -4.325665 
",  gbscts,  1444641118
 228236700,  48.098198 ,  -4.325665,  gbscts,  1444641118 
  228020900 , 48.09822 ," -4.3259315 
",  gbscts,  1444641186
 228020900,  48.09822 ,  -4.3259315,  gbscts,  1444641186 
  228190600 , 48.09922 ," -4.326403 
",  gbscts,  1444644358
 228190600,  48.09922 ,  -4.326403,  gbscts,  1444644358 
  226178000 , 48.09817 ," -4.32527 
",  gbscts,  1444644517
 205880600,  48.377213 ,  -4.48875,  gbsg1y,  1444577927 
  227005550 , 48.378113 ," -4.484155 
",  gbsg1y,  1444644715
 226178000,  48.09817 ,  -4.32527,  gbscts,  1444644517 
  227941000 , 48.098175 ," -4.3253016 
",  gbscts,  1444647399
 227941000,  48.098175 ,  -4.3253016,  gbscts,  1444647399 
  228190600 , 48.099197 ," -4.3263984 
",  gbscts,  1444647757
 227005550,  48.378113 ,  -4.484155,  gbsg1y,  1444644715 
  205880600 , 48.37725 ," -4.488682 
",  gbsg1y,  1444648208
 228190600,  48.099197 ,  -4.3263984,  gbscts,  1444647757 
  227941000 , 48.098175 ," -4.3253 
",  gbscts,  1444649389
 227314000,  48.09754 ,  -4.323127,  gbscte,  1444632805 
  226178000 , 48.098137 ," -4.325013 
",  gbscte,  1444651208
