 227123700,  48.06434 ,  -4.75397,  gbs97,  1443652858 
  227307000 , 48.050255 ," -4.7670083 
",  gbs97,  1443669058
 228931000,  48.123917 ,  -4.389477,  gbscu,  1443663479 
  227019400 , 48.120174 ," -4.3602467 
",  gbscu,  1443685722
 227008170,  48.374767 ,  -4.809065,  gbse4,  1443676613 
  228017700 , 48.37467 ," -4.810653 
",  gbse4,  1443686197
 228293000,  48.02883 ,  -4.7395315,  gbs9h,  1443664682 
  227002630 , 48.032074 ," -4.7406483 
",  gbs9h,  1443687105
 227705102,  48.382393 ,  -4.4965467,  gbsg1,  1443674313 
  227005550 , 48.38069 ," -4.487282 
",  gbsg1,  1443692993
 227005550,  48.38069 ,  -4.487282,  gbsg1,  1443692993 
  227592820 , 48.3665 ," -4.4886885 
",  gbsg1,  1443694940
 228929000,  48.00144 ,  -4.9657884,  gbs3p,  1443694716 
  227307000 , 47.9916 ," -4.9556866 
",  gbs3p,  1443695296
 228138000,  47.913975 ,  -4.81703,  gbs8d,  1443662867 
  228929000 , 47.921997 ," -4.824518 
",  gbs8d,  1443697808
 227592820,  48.3665 ,  -4.4886885,  gbsg1,  1443694940 
  227705102 , 48.382454 ," -4.496723 
",  gbsg1,  1443698841
 227705102,  48.382454 ,  -4.496723,  gbsg1,  1443698841 
  227005550 , 48.37343 ," -4.4883866 
",  gbsg1,  1443701009
 227005550,  48.37343 ,  -4.4883866,  gbsg1,  1443701009 
  227705102 , 48.382454 ," -4.496703 
",  gbsg1,  1443701060
 227705102,  48.382454 ,  -4.496703,  gbsg1,  1443701060 
  227612860 , 48.38254 ," -4.49576 
",  gbsg1,  1443707446
 227705102,  48.382473 ,  -4.4966865,  gbsg1,  1443705612 
  227612860 , 48.38254 ," -4.49576 
",  gbsg1,  1443707446
 227612860,  48.38254 ,  -4.49576,  gbsg1,  1443707446 
  227592820 , 48.367214 ," -4.4890566 
",  gbsg1,  1443707982
 227307000,  48.050255 ,  -4.7670083,  gbs97,  1443669058 
  227109900 , 48.0462 ," -4.768618 
",  gbs97,  1443709899
 227002630,  48.032074 ,  -4.7406483,  gbs9h,  1443687105 
  227109900 , 47.99328 ," -4.7068467 
",  gbs9h,  1443712464
 227592820,  48.367214 ,  -4.4890566,  gbsg1,  1443707982 
  227005550 , 48.380707 ," -4.48725 
",  gbsg1,  1443712820
 227005550,  48.380707 ,  -4.48725,  gbsg1,  1443712820 
  227705102 , 48.38238 ," -4.496578 
",  gbsg1,  1443714922
 227705102,  48.38238 ,  -4.496578,  gbsg1,  1443714922 
  228017700 , 48.3811 ," -4.485725 
",  gbsg1,  1443721318
 227705102,  48.382412 ,  -4.4965568,  gbsg1,  1443716882 
  228017700 , 48.3811 ," -4.485725 
",  gbsg1,  1443721318
 228017700,  48.3811 ,  -4.485725,  gbsg1,  1443721318 
  228186700 , 48.370834 ," -4.512665 
",  gbsg1,  1443724107
 228186700,  48.370834 ,  -4.512665,  gbsg1,  1443724107 
  227705102 , 48.382446 ," -4.496587 
",  gbsg1,  1443732781
 220625000,  47.949524 ,  -5.1177416,  gbs2g,  1443657002 
  248793000 , 47.95375 ," -5.1135983 
",  gbs2g,  1443733409
 227705102,  48.382446 ,  -4.496587,  gbsg1,  1443732781 
  227005550 , 48.38072 ," -4.487262 
",  gbsg1,  1443735445
 227109900,  47.99328 ,  -4.7068467,  gbs9h,  1443712464 
  228167900 , 48.0117 ," -4.70467 
",  gbs9h,  1443735922
 228195000,  48.19274 ,  -4.992378,  gbs6n,  1443688095 
  227472000 , 48.193817 ," -4.99902 
",  gbs6n,  1443749608
 228264000,  48.02945 ,  -4.774182,  gbs95,  1443752756 
  227472000 , 48.031483 ," -4.7768335 
",  gbs95,  1443755860
 227005550,  48.38072 ,  -4.487262,  gbsg1,  1443735445 
  227705102 , 48.382435 ," -4.496568 
",  gbsg1,  1443760121
 227705102,  48.382435 ,  -4.496568,  gbsg1,  1443760121 
  227635210 , 48.37953 ," -4.4970217 
",  gbsg1,  1443760538
 227635210,  48.37953 ,  -4.4970217,  gbsg1,  1443760538 
  227612860 , 48.382538 ," -4.4966135 
",  gbsg1,  1443761276
 227612860,  48.382538 ,  -4.4966135,  gbsg1,  1443761276 
  227008170 , 48.380184 ," -4.4853816 
",  gbsg1,  1443762851
 227008170,  48.380184 ,  -4.4853816,  gbsg1,  1443762851 
  227592820 , 48.366276 ," -4.486057 
",  gbsg1,  1443763250
 227592820,  48.366276 ,  -4.486057,  gbsg1,  1443763250 
  227612860 , 48.38022 ," -4.4971914 
",  gbsg1,  1443763413
 227612860,  48.38022 ,  -4.4971914,  gbsg1,  1443763413 
  228017700 , 48.381096 ," -4.4857435 
",  gbsg1,  1443763659
 228017700,  48.381096 ,  -4.4857435,  gbsg1,  1443763659 
  227005550 , 48.380707 ," -4.487262 
",  gbsg1,  1443764240
 227005550,  48.380707 ,  -4.487262,  gbsg1,  1443764240 
  227008170 , 48.38035 ," -4.484998 
",  gbsg1,  1443765317
 227592820,  48.30516 ,  -4.490245,  gbsfc,  1443679836 
  227612860 , 48.29608 ," -4.51138 
",  gbsfc,  1443765516
 227592820,  48.30443 ,  -4.4895935,  gbsfc,  1443698609 
  227612860 , 48.29608 ," -4.51138 
",  gbsfc,  1443765516
 227592820,  48.304527 ,  -4.4891834,  gbsfc,  1443710270 
  227612860 , 48.29608 ," -4.51138 
",  gbsfc,  1443765516
 227008170,  48.38035 ,  -4.484998,  gbsg1,  1443765317 
  228064900 , 48.370773 ," -4.5130367 
",  gbsg1,  1443765654
 228064900,  48.370773 ,  -4.5130367,  gbsg1,  1443765654 
  227008170 , 48.380234 ," -4.484165 
",  gbsg1,  1443766588
 227008170,  48.380234 ,  -4.484165,  gbsg1,  1443766588 
  227612860 , 48.3673 ," -4.515187 
",  gbsg1,  1443769054
 227612860,  48.3673 ,  -4.515187,  gbsg1,  1443769054 
  227008170 , 48.38 ," -4.484665 
",  gbsg1,  1443770747
 228017700,  48.331894 ,  -4.7847333,  gbsdg,  1443717710 
  227002330 , 48.328587 ," -4.78251 
",  gbsdg,  1443771640
 228167900,  48.0117 ,  -4.70467,  gbs9h,  1443735922 
  227002630 , 48.030807 ," -4.7389283 
",  gbs9h,  1443773452
 227002630,  48.030807 ,  -4.7389283,  gbs9h,  1443773452 
  228109000 , 48.015118 ," -4.7376366 
",  gbs9h,  1443774083
 228017700,  48.37467 ,  -4.810653,  gbse4,  1443686197 
  227008170 , 48.377 ," -4.815665 
",  gbse4,  1443775669
 227008170,  48.38 ,  -4.484665,  gbsg1,  1443770747 
  227005550 , 48.37415 ," -4.488187 
",  gbsg1,  1443775833
 227008170,  48.377 ,  -4.815665,  gbse4,  1443775669 
  228827000 , 48.37598 ," -4.8021717 
",  gbse4,  1443775910
 227005550,  48.37415 ,  -4.488187,  gbsg1,  1443775833 
  227612860 , 48.379982 ," -4.4970865 
",  gbsg1,  1443781086
 227612860,  48.379982 ,  -4.4970865,  gbsg1,  1443781086 
  227005550 , 48.380707 ," -4.48725 
",  gbsg1,  1443784132
 227005550,  48.380707 ,  -4.48725,  gbsg1,  1443784132 
  227574020 , 48.38245 ," -4.496703 
",  gbsg1,  1443784641
 227574020,  48.38245 ,  -4.496703,  gbsg1,  1443784641 
  205204000 , 48.369465 ," -4.514785 
",  gbsg1,  1443785071
 999999999,  48.133915 ,  -5.077325,  gbs3u,  1443753920 
  228109000 , 48.1637 ," -5.092315 
",  gbs3u,  1443787831
 205204000,  48.369465 ,  -4.514785,  gbsg1,  1443785071 
  228186700 , 48.370834 ," -4.5124984 
",  gbsg1,  1443789961
 228186700,  48.370834 ,  -4.5124984,  gbsg1,  1443789961 
  227592820 , 48.367126 ," -4.4882565 
",  gbsg1,  1443791825
 227592820,  48.367126 ,  -4.4882565,  gbsg1,  1443791825 
  227612860 , 48.3806 ," -4.4977283 
",  gbsg1,  1443794134
 227612860,  48.3806 ,  -4.4977283,  gbsg1,  1443794134 
  227574020 , 48.382454 ," -4.4966717 
",  gbsg1,  1443794432
 227002330,  48.387547 ,  -4.8760867,  gbse3,  1443769937 
  227008170 , 48.40523 ," -4.859648 
",  gbse3,  1443796674
 227574020,  48.382454 ,  -4.4966717,  gbsg1,  1443794432 
  227005550 , 48.378975 ," -4.483915 
",  gbsg1,  1443797130
 227005550,  48.378975 ,  -4.483915,  gbsg1,  1443797130 
  228186700 , 48.370834 ," -4.512665 
",  gbsg1,  1443798739
 228109000,  48.015118 ,  -4.7376366,  gbs9h,  1443774083 
  227116100 , 48.0104 ," -4.733257 
",  gbs9h,  1443803476
 227116100,  48.0104 ,  -4.733257,  gbs9h,  1443803476 
  227002630 , 48.017414 ," -4.72009 
",  gbs9h,  1443803697
 227472000,  48.185997 ,  -5.009957,  gbs6j,  1443747439 
  227116100 , 48.197815 ," -5.0404935 
",  gbs6j,  1443811505
 227472000,  48.197094 ,  -5.014555,  gbs6j,  1443748560 
  227116100 , 48.197815 ," -5.0404935 
",  gbs6j,  1443811505
 228186700,  48.370834 ,  -4.512665,  gbsg1,  1443798739 
  227005550 , 48.37929 ," -4.4841585 
",  gbsg1,  1443815725
 228186700,  48.370834 ,  -4.512665,  gbsg1,  1443803040 
  227005550 , 48.37929 ," -4.4841585 
",  gbsg1,  1443815725
 227005550,  48.37929 ,  -4.4841585,  gbsg1,  1443815725 
  228186700 , 48.370834 ," -4.5124984 
",  gbsg1,  1443816372
 227116100,  48.197815 ,  -5.0404935,  gbs6j,  1443811505 
  228109000 , 48.174095 ," -5.0249066 
",  gbs6j,  1443816602
 259019000,  48.261475 ,  -4.9911785,  gbs6w,  1443759903 
  228109000 , 48.25425 ," -4.9679685 
",  gbs6w,  1443825612
 228109000,  48.148273 ,  -5.1016135,  gbs3g,  1443786263 
  305709000 , 48.129505 ," -5.1410685 
",  gbs3g,  1443841893
 228186700,  48.370834 ,  -4.5124984,  gbsg1,  1443816372 
  227005550 , 48.3807 ," -4.4872584 
",  gbsg1,  1443845775
 227005550,  48.3807 ,  -4.4872584,  gbsg1,  1443845775 
  228186700 , 48.370834 ," -4.5124984 
",  gbsg1,  1443847271
 227312180,  48.337685 ,  -4.827565,  gbsdf,  1443848186 
  228336000 , 48.3325 ," -4.80305 
",  gbsdf,  1443848513
 228186700,  48.370834 ,  -4.5124984,  gbsg1,  1443847271 
  228017700 , 48.379265 ," -4.4839735 
",  gbsg1,  1443853401
 228827000,  48.37598 ,  -4.8021717,  gbse4,  1443775910 
  228017700 , 48.38257 ," -4.8177586 
",  gbse4,  1443859269
 228017700,  48.379265 ,  -4.4839735,  gbsg1,  1443853401 
  205204000 , 48.36949 ," -4.5148 
",  gbsg1,  1443861269
 205204000,  48.36949 ,  -4.5148,  gbsg1,  1443861269 
  227306100 , 48.35919 ," -4.483365 
",  gbsg1,  1443862223
 227306100,  48.35919 ,  -4.483365,  gbsg1,  1443862223 
  227005550 , 48.379684 ," -4.484997 
",  gbsg1,  1443870775
 227016100,  47.98022 ,  -4.68299,  gbs8v,  1443870978 
  227704000 , 47.970432 ," -4.67009 
",  gbs8v,  1443872163
 227002630,  48.017414 ,  -4.72009,  gbs9h,  1443803697 
  227704000 , 48.006996 ," -4.7322965 
",  gbs9h,  1443874283
 227002630,  48.023174 ,  -4.718225,  gbs9h,  1443859844 
  227704000 , 48.006996 ," -4.7322965 
",  gbs9h,  1443874283
 227005550,  48.379684 ,  -4.484997,  gbsg1,  1443870775 
  228186700 , 48.370834 ," -4.5124984 
",  gbsg1,  1443877203
 228336000,  48.20097 ,  -5.0565715,  gbs6h,  1443854945 
  228109000 , 48.179775 ," -5.0606985 
",  gbs6h,  1443885942
 228017700,  48.38257 ,  -4.8177586,  gbse4,  1443859269 
  227704000 , 48.350746 ," -4.7970934 
",  gbse4,  1443889912
 228017700,  48.35968 ,  -4.7916036,  gbse4,  1443873924 
  227704000 , 48.350746 ," -4.7970934 
",  gbse4,  1443889912
 228186700,  48.370834 ,  -4.5124984,  gbsg1,  1443877203 
  227005550 , 48.380714 ," -4.4872584 
",  gbsg1,  1443890263
 228186700,  48.370834 ,  -4.512665,  gbsg1,  1443880559 
  227005550 , 48.380714 ," -4.4872584 
",  gbsg1,  1443890263
 228186700,  48.370834 ,  -4.512665,  gbsg1,  1443882538 
  227005550 , 48.380714 ," -4.4872584 
",  gbsg1,  1443890263
 228186700,  48.370834 ,  -4.5124984,  gbsg1,  1443885406 
  227005550 , 48.380714 ," -4.4872584 
",  gbsg1,  1443890263
 228186700,  48.370834 ,  -4.512665,  gbsg1,  1443888621 
  227005550 , 48.380714 ," -4.4872584 
",  gbsg1,  1443890263
 227008170,  48.437466 ,  -4.899465,  gbse8,  1443777259 
  228336000 , 48.45989 ," -4.907183 
",  gbse8,  1443893563
 227008170,  48.40523 ,  -4.859648,  gbse3,  1443796674 
  228336000 , 48.427555 ," -4.8675866 
",  gbse3,  1443894593
 227005550,  48.380714 ,  -4.4872584,  gbsg1,  1443890263 
  228186700 , 48.370834 ," -4.5124984 
",  gbsg1,  1443896391
 228017700,  48.403748 ,  -4.917683,  gbse2,  1443799970 
  228813000 , 48.404015 ," -4.915675 
",  gbse2,  1443902661
 235073404,  47.718662 ,  -4.847397,  gbkx3,  1443832383 
  304523000 , 47.695667 ," -4.8488317 
",  gbkx3,  1443902904
 235073404,  47.75951 ,  -4.942275,  gbkrx,  1443831278 
  304523000 , 47.730335 ," -4.931665 
",  gbkrx,  1443904403
 228186700,  48.370834 ,  -4.5124984,  gbsg1,  1443896391 
  227005550 , 48.380714 ," -4.4872665 
",  gbsg1,  1443906953
 228336000,  48.3325 ,  -4.80305,  gbsdf,  1443848513 
  226084000 , 48.33933 ," -4.828562 
",  gbsdf,  1443913940
 227704000,  48.350746 ,  -4.7970934,  gbse4,  1443889912 
  227988000 , 48.377415 ," -4.8152585 
",  gbse4,  1443914456
 227312180,  48.32802 ,  -4.904565,  gbsdb,  1443873505 
  226084000 , 48.328266 ," -4.88703 
",  gbsdb,  1443914880
 227005550,  48.380714 ,  -4.4872665,  gbsg1,  1443906953 
  228017700 , 48.379135 ," -4.4840584 
",  gbsg1,  1443939865
 227005550,  48.38069 ,  -4.48727,  gbsg1,  1443936430 
  228017700 , 48.379135 ," -4.4840584 
",  gbsg1,  1443939865
 227988000,  48.377415 ,  -4.8152585,  gbse4,  1443914456 
  228017700 , 48.359455 ," -4.793775 
",  gbse4,  1443945165
 227704000,  48.006996 ,  -4.7322965,  gbs9h,  1443874283 
  227002630 , 48.01644 ," -4.7394767 
",  gbs9h,  1443946406
 228336000,  48.45989 ,  -4.907183,  gbse8,  1443893563 
  228813000 , 48.45774 ," -4.909955 
",  gbse8,  1443959064
 228336000,  48.427555 ,  -4.8675866,  gbse3,  1443894593 
  228017700 , 48.405308 ," -4.8508716 
",  gbse3,  1443970726
 228017700,  48.359455 ,  -4.793775,  gbse4,  1443945165 
  227091000 , 48.35253 ," -4.8126965 
",  gbse4,  1443976140
 304523000,  47.8185 ,  -5.0889983,  gbs2h,  1443907632 
  236567000 , 47.828053 ," -5.0538435 
",  gbs2h,  1443979404
 227410000,  48.121918 ,  -4.4576483,  gbscf,  1443981040 
  227860000 , 48.122433 ," -4.4660783 
",  gbscf,  1443981202
 228017700,  48.379135 ,  -4.4840584,  gbsg1,  1443939865 
  228186700 , 48.370834 ," -4.5124984 
",  gbsg1,  1443992375
 228017700,  48.381107 ,  -4.485707,  gbsg1,  1443986641 
  228186700 , 48.370834 ," -4.5124984 
",  gbsg1,  1443992375
 227091000,  48.35253 ,  -4.8126965,  gbse4,  1443976140 
  226084000 , 48.34902 ," -4.80919 
",  gbse4,  1444005283
 226084000,  48.34902 ,  -4.80919,  gbse4,  1444005283 
  228336000 , 48.37724 ," -4.815553 
",  gbse4,  1444008094
 228186700,  48.370834 ,  -4.5124984,  gbsg1,  1443992375 
  227574020 , 48.38244 ," -4.496615 
",  gbsg1,  1444019261
 228186700,  48.370834 ,  -4.5124984,  gbsg1,  1444001690 
  227574020 , 48.38244 ," -4.496615 
",  gbsg1,  1444019261
 228186700,  48.370834 ,  -4.5124984,  gbsg1,  1444005923 
  227574020 , 48.38244 ," -4.496615 
",  gbsg1,  1444019261
 228186700,  48.370834 ,  -4.5124984,  gbsg1,  1444018742 
  227574020 , 48.38244 ," -4.496615 
",  gbsg1,  1444019261
 227574020,  48.38244 ,  -4.496615,  gbsg1,  1444019261 
  234597000 , 48.3692 ," -4.5138783 
",  gbsg1,  1444021419
 234597000,  48.3692 ,  -4.5138783,  gbsg1,  1444021419 
  227635210 , 48.383682 ," -4.49535 
",  gbsg1,  1444021782
 227635210,  48.383682 ,  -4.49535,  gbsg1,  1444021782 
  227592820 , 48.36574 ," -4.4846883 
",  gbsg1,  1444022532
 227592820,  48.36574 ,  -4.4846883,  gbsg1,  1444022532 
  227612860 , 48.38085 ," -4.49759 
",  gbsg1,  1444022592
 227612860,  48.38085 ,  -4.49759,  gbsg1,  1444022592 
  228186700 , 48.370834 ," -4.512665 
",  gbsg1,  1444025941
 228186700,  48.370834 ,  -4.512665,  gbsg1,  1444025941 
  228017700 , 48.379265 ," -4.4839835 
",  gbsg1,  1444026177
 228017700,  48.379265 ,  -4.4839835,  gbsg1,  1444026177 
  205204000 , 48.369465 ," -4.514867 
",  gbsg1,  1444026931
 205204000,  48.369465 ,  -4.514867,  gbsg1,  1444026931 
  228186700 , 48.370834 ," -4.5124984 
",  gbsg1,  1444028427
 227612860,  48.295963 ,  -4.51167,  gbsfc,  1444024755 
  304655000 , 48.336815 ," -4.5210633 
",  gbsfc,  1444028660
 227860000,  48.11578 ,  -4.50593,  gbsc9,  1444023002 
  228133000 , 48.113144 ," -4.5150967 
",  gbsc9,  1444028925
 228813000,  48.45774 ,  -4.909955,  gbse8,  1443959064 
  228336000 , 48.461246 ," -4.9192414 
",  gbse8,  1444029623
 228813000,  48.44749 ,  -4.878795,  gbse8,  1443961854 
  228336000 , 48.461246 ," -4.9192414 
",  gbse8,  1444029623
 228336000,  48.37724 ,  -4.815553,  gbse4,  1444008094 
  228211900 , 48.379555 ," -4.8121767 
",  gbse4,  1444030045
 228186700,  48.370834 ,  -4.5124984,  gbsg1,  1444028427 
  228064900 , 48.364666 ," -4.5117383 
",  gbsg1,  1444032629
 228186700,  48.370834 ,  -4.5124984,  gbsg1,  1444030287 
  228064900 , 48.364666 ," -4.5117383 
",  gbsg1,  1444032629
 228064900,  48.364666 ,  -4.5117383,  gbsg1,  1444032629 
  227730220 , 48.3793 ," -4.484645 
",  gbsg1,  1444036746
 228109000,  48.26515 ,  -5.0391083,  gbs6t,  1443924142 
  226216000 , 48.275047 ," -5.040992 
",  gbs6t,  1444039699
 228109000,  48.2734 ,  -5.0463367,  gbs6t,  1443924892 
  226216000 , 48.275047 ," -5.040992 
",  gbs6t,  1444039699
 227730220,  48.3793 ,  -4.484645,  gbsg1,  1444036746 
  227612860 , 48.38005 ," -4.4972 
",  gbsg1,  1444040302
 227612860,  48.38005 ,  -4.4972,  gbsg1,  1444040302 
  227574020 , 48.38244 ," -4.4966683 
",  gbsg1,  1444044391
 227002630,  48.01644 ,  -4.7394767,  gbs9h,  1443946406 
  227941000 , 48.02931 ," -4.741113 
",  gbs9h,  1444045230
 227410000,  48.05065 ,  -4.770798,  gbs97,  1444028600 
  224052970 , 48.067356 ," -4.7463183 
",  gbs97,  1444045481
 228183600,  48.512432 ,  -4.9700985,  gbs7y,  1443992396 
  226318000 , 48.478 ," -4.9808316 
",  gbs7y,  1444046435
 227941000,  48.02931 ,  -4.741113,  gbs9h,  1444045230 
  227366000 , 48.027794 ," -4.7321734 
",  gbs9h,  1444046895
 227574020,  48.38244 ,  -4.4966683,  gbsg1,  1444044391 
  228186700 , 48.370834 ," -4.5124984 
",  gbsg1,  1444052747
 228186700,  48.370834 ,  -4.5124984,  gbsg1,  1444052747 
  227612860 , 48.37995 ," -4.497007 
",  gbsg1,  1444053272
 227612860,  48.37995 ,  -4.497007,  gbsg1,  1444053272 
  227592820 , 48.375988 ," -4.493275 
",  gbsg1,  1444054324
 227860000,  48.122433 ,  -4.4660783,  gbscf,  1443981202 
  227002330 , 48.121056 ," -4.4604015 
",  gbscf,  1444054752
 236401000,  48.127167 ,  -4.4858317,  gbscc,  1443980960 
  273358260 , 48.163948 ," -4.5006065 
",  gbscc,  1444055207
 304655000,  48.336815 ,  -4.5210633,  gbsfc,  1444028660 
  227612860 , 48.2959 ," -4.511405 
",  gbsfc,  1444055647
 227592820,  48.375988 ,  -4.493275,  gbsg1,  1444054324 
  227730220 , 48.379402 ," -4.4847465 
",  gbsg1,  1444056250
 227730220,  48.379402 ,  -4.4847465,  gbsg1,  1444056250 
  228186700 , 48.370834 ," -4.5124984 
",  gbsg1,  1444061228
 228133000,  48.113144 ,  -4.5150967,  gbsc9,  1444028925 
  228037700 , 48.106724 ," -4.496925 
",  gbsc9,  1444070723
 273358260,  48.163948 ,  -4.5006065,  gbscc,  1444055207 
  228037600 , 48.12774 ," -4.5181365 
",  gbscc,  1444071581
 228186700,  48.370834 ,  -4.5124984,  gbsg1,  1444061228 
  227574020 , 48.382355 ," -4.49655 
",  gbsg1,  1444075911
 228186700,  48.370834 ,  -4.5124984,  gbsg1,  1444071031 
  227574020 , 48.382355 ," -4.49655 
",  gbsg1,  1444075911
 227574020,  48.382355 ,  -4.49655,  gbsg1,  1444075911 
  228186700 , 48.370834 ," -4.5124984 
",  gbsg1,  1444080492
 227574020,  48.382393 ,  -4.4966016,  gbsg1,  1444079252 
  228186700 , 48.370834 ," -4.5124984 
",  gbsg1,  1444080492
 228186700,  48.370834 ,  -4.5124984,  gbsg1,  1444080492 
  227574020 , 48.382412 ," -4.4966283 
",  gbsg1,  1444088781
 228190600,  48.19433 ,  -5.0784416,  gbs6h,  1444090806 
  228174600 , 48.194935 ," -5.082065 
",  gbs6h,  1444090850
 228211900,  48.379555 ,  -4.8121767,  gbse4,  1444030045 
  227988000 , 48.376675 ," -4.8138165 
",  gbse4,  1444091780
 227574020,  48.382412 ,  -4.4966283,  gbsg1,  1444088781 
  228186700 , 48.370834 ," -4.5124984 
",  gbsg1,  1444092132
 227574020,  48.382435 ,  -4.496625,  gbsg1,  1444089661 
  228186700 , 48.370834 ," -4.5124984 
",  gbsg1,  1444092132
 227988000,  48.376675 ,  -4.8138165,  gbse4,  1444091780 
  228211900 , 48.376755 ," -4.81128 
",  gbse4,  1444092399
 228813000,  48.337646 ,  -4.8087783,  gbsdf,  1444055217 
  228336000 , 48.336155 ," -4.7977533 
",  gbsdf,  1444092979
 228336000,  48.336155 ,  -4.7977533,  gbsdf,  1444092979 
  227312180 , 48.336285 ," -4.833182 
",  gbsdf,  1444093780
 228186700,  48.370834 ,  -4.5124984,  gbsg1,  1444092132 
  227730220 , 48.380688 ," -4.487262 
",  gbsg1,  1444100078
 227730220,  48.380688 ,  -4.487262,  gbsg1,  1444100078 
  228186700 , 48.370834 ," -4.5124984 
",  gbsg1,  1444104186
 228186700,  48.370834 ,  -4.5124984,  gbsg1,  1444104186 
  227574020 , 48.382412 ," -4.4966216 
",  gbsg1,  1444107441
 227574020,  48.382412 ,  -4.4966216,  gbsg1,  1444107441 
  227635210 , 48.383663 ," -4.495333 
",  gbsg1,  1444107944
 227635210,  48.383663 ,  -4.495333,  gbsg1,  1444107944 
  227592820 , 48.3643 ," -4.485397 
",  gbsg1,  1444108885
 227592820,  48.3643 ,  -4.485397,  gbsg1,  1444108885 
  227612860 , 48.38082 ," -4.497785 
",  gbsg1,  1444108999
 227612860,  48.38082 ,  -4.497785,  gbsg1,  1444108999 
  228017700 , 48.379723 ," -4.484455 
",  gbsg1,  1444111567
 228017700,  48.379723 ,  -4.484455,  gbsg1,  1444111567 
  227730220 , 48.378807 ," -4.484093 
",  gbsg1,  1444112806
 228211900,  48.376755 ,  -4.81128,  gbse4,  1444092399 
  227003050 , 48.362293 ," -4.7972 
",  gbse4,  1444118360
 227730220,  48.378807 ,  -4.484093,  gbsg1,  1444112806 
  227612860 , 48.380745 ," -4.497725 
",  gbsg1,  1444126689
 227612860,  48.380745 ,  -4.497725,  gbsg1,  1444126689 
  227574020 , 48.38246 ," -4.496703 
",  gbsg1,  1444128986
 227574020,  48.38246 ,  -4.496703,  gbsg1,  1444128986 
  228186700 , 48.370834 ," -4.5124984 
",  gbsg1,  1444133751
 227574020,  48.38246 ,  -4.496703,  gbsg1,  1444130974 
  228186700 , 48.370834 ," -4.5124984 
",  gbsg1,  1444133751
 228174600,  48.194935 ,  -5.082065,  gbs6h,  1444090850 
  228336000 , 48.206284 ," -5.0668964 
",  gbs6h,  1444139299
 228186700,  48.370834 ,  -4.5124984,  gbsg1,  1444133751 
  227612860 , 48.379974 ," -4.497162 
",  gbsg1,  1444139639
 227612860,  48.379974 ,  -4.497162,  gbsg1,  1444139639 
  227730220 , 48.37932 ," -4.4847183 
",  gbsg1,  1444140633
 227730220,  48.37932 ,  -4.4847183,  gbsg1,  1444140633 
  227592820 , 48.37298 ," -4.4907684 
",  gbsg1,  1444140845
 227366000,  48.209785 ,  -5.008673,  gbs6q,  1444053525 
  228336000 , 48.24752 ," -4.9658933 
",  gbs6q,  1444141260
 227003050,  48.362293 ,  -4.7972,  gbse4,  1444118360 
  227009310 , 48.377247 ," -4.81281 
",  gbse4,  1444142213
 226084000,  48.328053 ,  -4.898888,  gbsdb,  1444092864 
  227312180 , 48.328217 ," -4.8977485 
",  gbsdb,  1444145930
 227009310,  48.377247 ,  -4.81281,  gbse4,  1444142213 
  228211900 , 48.382397 ," -4.8206115 
",  gbse4,  1444149310
 227592820,  48.37298 ,  -4.4907684,  gbsg1,  1444140845 
  228017700 , 48.381115 ," -4.4857316 
",  gbsg1,  1444151348
 228017700,  48.381115 ,  -4.4857316,  gbsg1,  1444151348 
  275346000 , 48.369747 ," -4.5147533 
",  gbsg1,  1444153721
 275346000,  48.369747 ,  -4.5147533,  gbsg1,  1444153721 
  227574020 , 48.382446 ," -4.49661 
",  gbsg1,  1444169816
 273358260,  48.194035 ,  -4.501205,  gbsf1,  1444069880 
  37100300 , 48.17507 ," -4.4898334 
",  gbsf1,  1444176083
 273358260,  48.193905 ,  -4.500735,  gbsf1,  1444071717 
  37100300 , 48.17507 ," -4.4898334 
",  gbsf1,  1444176083
 273358260,  48.194088 ,  -4.5012364,  gbsf1,  1444073555 
  37100300 , 48.17507 ," -4.4898334 
",  gbsf1,  1444176083
 273358260,  48.194027 ,  -4.5012617,  gbsf1,  1444080488 
  37100300 , 48.17507 ," -4.4898334 
",  gbsf1,  1444176083
 273358260,  48.194065 ,  -4.5015965,  gbsf1,  1444095363 
  37100300 , 48.17507 ," -4.4898334 
",  gbsf1,  1444176083
 273358260,  48.194134 ,  -4.5007534,  gbsf1,  1444110516 
  37100300 , 48.17507 ," -4.4898334 
",  gbsf1,  1444176083
 273358260,  48.193645 ,  -4.49983,  gbsf1,  1444120139 
  37100300 , 48.17507 ," -4.4898334 
",  gbsf1,  1444176083
 273358260,  48.19351 ,  -4.4995885,  gbsf1,  1444125955 
  37100300 , 48.17507 ," -4.4898334 
",  gbsf1,  1444176083
 273358260,  48.192627 ,  -4.498885,  gbsf1,  1444142235 
  37100300 , 48.17507 ," -4.4898334 
",  gbsf1,  1444176083
 273358260,  48.19252 ,  -4.49866,  gbsf1,  1444153790 
  37100300 , 48.17507 ," -4.4898334 
",  gbsf1,  1444176083
 273358260,  48.192146 ,  -4.498605,  gbsf1,  1444156680 
  37100300 , 48.17507 ," -4.4898334 
",  gbsf1,  1444176083
 37100300,  48.17507 ,  -4.4898334,  gbsf1,  1444176083 
  273358260 , 48.192135 ," -4.498767 
",  gbsf1,  1444176284
 227574020,  48.382446 ,  -4.49661,  gbsg1,  1444169816 
  228186700 , 48.370834 ," -4.512665 
",  gbsg1,  1444176417
 227574020,  48.38241 ,  -4.4966035,  gbsg1,  1444171475 
  228186700 , 48.370834 ," -4.512665 
",  gbsg1,  1444176417
 227574020,  48.382393 ,  -4.4966216,  gbsg1,  1444172396 
  228186700 , 48.370834 ," -4.512665 
",  gbsg1,  1444176417
 227574020,  48.382397 ,  -4.496605,  gbsg1,  1444174075 
  228186700 , 48.370834 ," -4.512665 
",  gbsg1,  1444176417
 227574020,  48.382393 ,  -4.4966383,  gbsg1,  1444175665 
  228186700 , 48.370834 ," -4.512665 
",  gbsg1,  1444176417
 228211900,  48.382397 ,  -4.8206115,  gbse4,  1444149310 
  227988000 , 48.37738 ," -4.814385 
",  gbse4,  1444178645
 227988000,  48.37738 ,  -4.814385,  gbse4,  1444178645 
  228336000 , 48.37113 ," -4.80744 
",  gbse4,  1444179424
 228186700,  48.370834 ,  -4.512665,  gbsg1,  1444176417 
  227574020 , 48.38241 ," -4.4966016 
",  gbsg1,  1444179685
 273358260,  48.192135 ,  -4.498767,  gbsf1,  1444176284 
  244819000 , 48.1995 ," -4.495332 
",  gbsf1,  1444183973
 227574020,  48.38241 ,  -4.4966016,  gbsg1,  1444179685 
  227730220 , 48.380665 ," -4.48728 
",  gbsg1,  1444186621
 244819000,  48.1995 ,  -4.495332,  gbsf1,  1444183973 
  273358260 , 48.190304 ," -4.5027 
",  gbsf1,  1444187901
 227730220,  48.380665 ,  -4.48728,  gbsg1,  1444186621 
  227635210 , 48.383675 ," -4.49533 
",  gbsg1,  1444193681
 227635210,  48.383675 ,  -4.49533,  gbsg1,  1444193681 
  227612860 , 48.3807 ," -4.497617 
",  gbsg1,  1444195314
 227612860,  48.3807 ,  -4.497617,  gbsg1,  1444195314 
  227592820 , 48.36204 ," -4.4829583 
",  gbsg1,  1444195317
 227592820,  48.36204 ,  -4.4829583,  gbsg1,  1444195317 
  234056000 , 48.380283 ," -4.4981785 
",  gbsg1,  1444196102
 234056000,  48.380283 ,  -4.4981785,  gbsg1,  1444196102 
  227730220 , 48.37841 ," -4.4840117 
",  gbsg1,  1444196743
 228174600,  48.16747 ,  -4.9514117,  gbs6p,  1444093750 
  228264000 , 48.199917 ," -4.9446316 
",  gbs6p,  1444199064
 227730220,  48.37841 ,  -4.4840117,  gbsg1,  1444196743 
  228017700 , 48.378456 ," -4.4838467 
",  gbsg1,  1444199159
 228017700,  48.378456 ,  -4.4838467,  gbsg1,  1444199159 
  275346000 , 48.369785 ," -4.514135 
",  gbsg1,  1444199431
 275346000,  48.369785 ,  -4.514135,  gbsg1,  1444199431 
  205204000 , 48.368053 ," -4.513592 
",  gbsg1,  1444199981
 205204000,  48.368053 ,  -4.513592,  gbsg1,  1444199981 
  227306100 , 48.380547 ," -4.4869967 
",  gbsg1,  1444203465
 227306100,  48.380547 ,  -4.4869967,  gbsg1,  1444203465 
  227635210 , 48.383675 ," -4.495342 
",  gbsg1,  1444204025
 228264000,  48.199917 ,  -4.9446316,  gbs6p,  1444199064 
  228333000 , 48.19605 ," -4.9655485 
",  gbs6p,  1444204601
 227635210,  48.383675 ,  -4.495342,  gbsg1,  1444204025 
  227574020 , 48.38242 ," -4.4966183 
",  gbsg1,  1444206301
 227574020,  48.38242 ,  -4.4966183,  gbsg1,  1444206301 
  227730220 , 48.37799 ," -4.484268 
",  gbsg1,  1444207216
 227917000,  47.9556 ,  -5.023965,  gbs2v,  1444158493 
  244176000 , 47.953552 ," -5.018035 
",  gbs2v,  1444207312
 227730220,  48.37799 ,  -4.484268,  gbsg1,  1444207216 
  227574020 , 48.382385 ," -4.4966135 
",  gbsg1,  1444207610
 227574020,  48.382385 ,  -4.4966135,  gbsg1,  1444207610 
  228064900 , 48.36471 ," -4.5117235 
",  gbsg1,  1444207635
 228336000,  48.37113 ,  -4.80744,  gbse4,  1444179424 
  226263000 , 48.3416 ," -4.80819 
",  gbse4,  1444208577
 228333000,  48.139866 ,  -4.950615,  gbs3z,  1444196382 
  227406000 , 48.12204 ," -4.933415 
",  gbs3z,  1444211202
 228064900,  48.36471 ,  -4.5117235,  gbsg1,  1444207635 
  227612860 , 48.380295 ," -4.497442 
",  gbsg1,  1444213086
 227612860,  48.380295 ,  -4.497442,  gbsg1,  1444213086 
  227730220 , 48.38068 ," -4.4872665 
",  gbsg1,  1444216711
 228333000,  48.179783 ,  -5.027798,  gbs6j,  1444200121 
  228109000 , 48.166294 ," -5.038225 
",  gbs6j,  1444217043
 227730220,  48.38068 ,  -4.4872665,  gbsg1,  1444216711 
  227635210 , 48.383667 ," -4.49534 
",  gbsg1,  1444218316
 228336000,  48.206284 ,  -5.0668964,  gbs6h,  1444139299 
  228109000 , 48.201984 ," -5.057562 
",  gbs6h,  1444219963
 228109000,  48.166294 ,  -5.038225,  gbs6j,  1444217043 
  228333000 , 48.194183 ," -5.016948 
",  gbs6j,  1444222160
 227635210,  48.383667 ,  -4.49534,  gbsg1,  1444218316 
  228186700 , 48.370834 ," -4.5124984 
",  gbsg1,  1444224016
 228186700,  48.370834 ,  -4.5124984,  gbsg1,  1444224016 
  227612860 , 48.38017 ," -4.497465 
",  gbsg1,  1444226024
 227612860,  48.38017 ,  -4.497465,  gbsg1,  1444226024 
  227730220 , 48.378075 ," -4.4842267 
",  gbsg1,  1444227112
 227730220,  48.378075 ,  -4.4842267,  gbsg1,  1444227112 
  227592820 , 48.363564 ," -4.48669 
",  gbsg1,  1444227396
 228017700,  48.395805 ,  -4.83964,  gbse3,  1444146460 
  228336000 , 48.427532 ," -4.877295 
",  gbse3,  1444227663
 227114300,  48.23897 ,  -4.9427433,  gbs6r,  1444124285 
  228333000 , 48.240368 ," -4.9378815 
",  gbs6r,  1444237186
 227592820,  48.363564 ,  -4.48669,  gbsg1,  1444227396 
  227730220 , 48.379494 ," -4.484835 
",  gbsg1,  1444239387
 227730220,  48.379494 ,  -4.484835,  gbsg1,  1444239387 
  227005550 , 48.3807 ," -4.4873 
",  gbsg1,  1444244051
 227005550,  48.3807 ,  -4.4873,  gbsg1,  1444244051 
  259019000 , 48.369354 ," -4.5139465 
",  gbsg1,  1444245490
 227300000,  47.90156 ,  -4.74657,  gbs8e,  1444194087 
  228167900 , 47.94034 ," -4.7816114 
",  gbs8e,  1444249120
 228946000,  47.96523 ,  -4.671263,  gbs8v,  1444216251 
  227142200 , 47.968 ," -4.68421 
",  gbs8v,  1444250881
 228144000,  47.993294 ,  -4.8288083,  gbs94,  1444252970 
  228213700 , 47.998085 ," -4.833037 
",  gbs94,  1444254114
 228213700,  47.998085 ,  -4.833037,  gbs94,  1444254114 
  228167900 , 47.99617 ," -4.825405 
",  gbs94,  1444254162
 227318020,  47.996826 ,  -4.84092,  gbs91,  1444252580 
  228160000 , 47.9893 ," -4.8358116 
",  gbs91,  1444254837
 227300000,  47.92145 ,  -4.7416835,  gbs8s,  1444166217 
  227142200 , 47.904015 ," -4.704405 
",  gbs8s,  1444255090
 228157000,  48.109077 ,  -4.518717,  gbsc9,  1444254477 
  228931000 , 48.112007 ," -4.4846983 
",  gbsc9,  1444255511
 228843000,  48.24798 ,  -5.08701,  gbs6k,  1444204997 
  228109000 , 48.243473 ," -5.056175 
",  gbs6k,  1444257443
 227300000,  47.895565 ,  -4.77787,  gbs87,  1444192657 
  228208800 , 47.884266 ," -4.780413 
",  gbs87,  1444260242
 227142200,  47.904015 ,  -4.704405,  gbs8s,  1444255090 
  227318020 , 47.90721 ," -4.741832 
",  gbs8s,  1444260499
 228157000,  47.898506 ,  -4.725515,  gbs8k,  1444243397 
  227318020 , 47.898487 ," -4.738768 
",  gbs8k,  1444261899
 228208800,  47.884266 ,  -4.780413,  gbs87,  1444260242 
  227318010 , 47.880833 ," -4.755365 
",  gbs87,  1444263025
 226263000,  48.3416 ,  -4.80819,  gbse4,  1444208577 
  228336000 , 48.35996 ," -4.7921934 
",  gbse4,  1444264910
 228336000,  48.35996 ,  -4.7921934,  gbse4,  1444264910 
  228211900 , 48.37646 ," -4.8101983 
",  gbse4,  1444265119
 228157000,  48.122917 ,  -4.3654785,  gbscu,  1444257418 
  228931000 , 48.126915 ," -4.3828135 
",  gbscu,  1444266831
 228211900,  48.37646 ,  -4.8101983,  gbse4,  1444265119 
  227312180 , 48.3496 ," -4.806465 
",  gbse4,  1444266966
 228160000,  47.9893 ,  -4.8358116,  gbs91,  1444254837 
  228293000 , 48.014065 ," -4.864665 
",  gbs91,  1444269006
 227142200,  47.968 ,  -4.68421,  gbs8v,  1444250881 
  227635680 , 47.983505 ," -4.6655865 
",  gbs8v,  1444269724
 228167900,  47.94034 ,  -4.7816114,  gbs8e,  1444249120 
  228208800 , 47.906597 ," -4.757695 
",  gbs8e,  1444269920
 227318020,  47.90721 ,  -4.741832,  gbs8s,  1444260499 
  228156900 , 47.900494 ," -4.72991 
",  gbs8s,  1444272545
 228302900,  47.967606 ,  -4.72565,  gbs8u,  1444269362 
  227311000 , 47.967968 ," -4.7193484 
",  gbs8u,  1444273180
 227300000,  47.9004 ,  -4.6878066,  gbs8t,  1444175777 
  228813000 , 47.930313 ," -4.692253 
",  gbs8t,  1444273525
 227300000,  47.914894 ,  -4.6915784,  gbs8t,  1444196247 
  228813000 , 47.930313 ," -4.692253 
",  gbs8t,  1444273525
 227319570,  47.95892 ,  -4.7817235,  gbs8g,  1444251367 
  227311000 , 47.9611 ," -4.764815 
",  gbs8g,  1444273880
 227311000,  47.9611 ,  -4.764815,  gbs8g,  1444273880 
  228813000 , 47.96925 ," -4.754717 
",  gbs8g,  1444275485
 259019000,  48.369354 ,  -4.5139465,  gbsg1,  1444245490 
  227005550 , 48.380768 ," -4.4872684 
",  gbsg1,  1444278306
 227005550,  48.380768 ,  -4.4872684,  gbsg1,  1444278306 
  234056000 , 48.36754 ," -4.51876 
",  gbsg1,  1444279811
 234056000,  48.36754 ,  -4.51876,  gbsg1,  1444279811 
  227592820 , 48.364193 ," -4.485172 
",  gbsg1,  1444281631
 227592820,  48.364193 ,  -4.485172,  gbsg1,  1444281631 
  227635210 , 48.38365 ," -4.49533 
",  gbsg1,  1444281745
 227635210,  48.38365 ,  -4.49533,  gbsg1,  1444281745 
  227612860 , 48.380875 ," -4.497763 
",  gbsg1,  1444281779
 228157000,  47.86258 ,  -4.700802,  gbs8m,  1444241638 
  226338000 , 47.859947 ," -4.6601515 
",  gbs8m,  1444281964
 227318010,  47.880833 ,  -4.755365,  gbs87,  1444263025 
  228813000 , 47.890263 ," -4.7779717 
",  gbs87,  1444282725
 227318010,  47.879665 ,  -4.746715,  gbs87,  1444265583 
  228813000 , 47.890263 ," -4.7779717 
",  gbs87,  1444282725
 226179000,  48.12474 ,  -4.394595,  gbscg,  1444188768 
  227981000 , 48.12129 ," -4.4344115 
",  gbscg,  1444284024
 227612860,  48.380875 ,  -4.497763,  gbsg1,  1444281779 
  228017700 , 48.37953 ," -4.484297 
",  gbsg1,  1444285527
 228017700,  48.37953 ,  -4.484297,  gbsg1,  1444285527 
  227008170 , 48.37975 ," -4.484565 
",  gbsg1,  1444288610
 227391000,  48.12958 ,  -4.552777,  gbscb,  1444243499 
  37100300 , 48.132294 ," -4.5549183 
",  gbscb,  1444289411
 228208800,  47.906597 ,  -4.757695,  gbs8e,  1444269920 
  228813000 , 47.905632 ," -4.758455 
",  gbs8e,  1444290255
 227312180,  48.3496 ,  -4.806465,  gbse4,  1444266966 
  228017700 , 48.375027 ," -4.8082232 
",  gbse4,  1444291045
 236401000,  48.16083 ,  -5.0174985,  gbs3v,  1444263229 
  228333000 , 48.163666 ," -5.0174985 
",  gbs3v,  1444291920
 305652000,  47.89632 ,  -5.074432,  gbs2k,  1444258746 
  228183600 , 47.860966 ," -5.09299 
",  gbs2k,  1444292020
 228333000,  48.18085 ,  -4.9714985,  gbs6n,  1444253094 
  37100300 , 48.16441 ," -4.9784617 
",  gbs6n,  1444298703
 228333000,  48.196533 ,  -5.003865,  gbs6n,  1444275019 
  37100300 , 48.16441 ," -4.9784617 
",  gbs6n,  1444298703
 228333000,  48.16895 ,  -4.983198,  gbs6n,  1444279880 
  37100300 , 48.16441 ," -4.9784617 
",  gbs6n,  1444298703
 227008170,  48.37975 ,  -4.484565,  gbsg1,  1444288610 
  227612860 , 48.380966 ," -4.497803 
",  gbsg1,  1444299447
 227635680,  47.983505 ,  -4.6655865,  gbs8v,  1444269724 
  228333000 , 47.966633 ," -4.677815 
",  gbs8v,  1444302258
 228336000,  48.427532 ,  -4.877295,  gbse3,  1444227663 
  226084000 , 48.393032 ," -4.8430967 
",  gbse3,  1444304358
 226263000,  48.44191 ,  -4.898852,  gbse8,  1444206727 
  228336000 , 48.43571 ," -4.9012365 
",  gbse8,  1444304802
 228333000,  48.254818 ,  -4.8939815,  gbsd8,  1444240215 
  211211220 , 48.259552 ," -4.880205 
",  gbsd8,  1444306582
 227612860,  48.380966 ,  -4.497803,  gbsg1,  1444299447 
  227005550 , 48.38073 ," -4.487272 
",  gbsg1,  1444308078
 228931000,  48.126915 ,  -4.3828135,  gbscu,  1444266831 
  228150000 , 48.123287 ," -4.392015 
",  gbscu,  1444311622
 227005550,  48.38073 ,  -4.487272,  gbsg1,  1444308078 
  227612860 , 48.380554 ," -4.497675 
",  gbsg1,  1444312470
 227612860,  48.380554 ,  -4.497675,  gbsg1,  1444312470 
  211211220 , 48.36923 ," -4.513195 
",  gbsg1,  1444314727
 211211220,  48.259552 ,  -4.880205,  gbsd8,  1444306582 
  227114300 , 48.266796 ," -4.9195566 
",  gbsd8,  1444323767
 228931000,  48.049732 ,  -4.77535,  gbs97,  1444249981 
  228333000 , 48.050217 ," -4.767915 
",  gbs97,  1444326840
 246497000,  48.3847 ,  -4.4633417,  gbsg6,  1444238829 
  304060000 , 48.384068 ," -4.4505816 
",  gbsg6,  1444327054
 211211220,  48.36923 ,  -4.513195,  gbsg1,  1444314727 
  227005550 , 48.379013 ," -4.484132 
",  gbsg1,  1444327626
 227005550,  48.379013 ,  -4.484132,  gbsg1,  1444327626 
  227574020 , 48.38237 ," -4.4966235 
",  gbsg1,  1444331361
 226338000,  47.859947 ,  -4.6601515,  gbs8m,  1444281964 
  228037700 , 47.893253 ," -4.687208 
",  gbs8m,  1444333403
 227114300,  48.266796 ,  -4.9195566,  gbsd8,  1444323767 
  304060000 , 48.25895 ," -4.9102483 
",  gbsd8,  1444335273
 228813000,  47.890263 ,  -4.7779717,  gbs87,  1444282725 
  227635680 , 47.89918 ," -4.7471766 
",  gbs87,  1444336461
 228813000,  47.888306 ,  -4.7591934,  gbs87,  1444285705 
  227635680 , 47.89918 ," -4.7471766 
",  gbs87,  1444336461
 228813000,  47.88842 ,  -4.7587,  gbs87,  1444286906 
  227635680 , 47.89918 ," -4.7471766 
",  gbs87,  1444336461
 228813000,  47.890137 ,  -4.772547,  gbs87,  1444304395 
  227635680 , 47.89918 ," -4.7471766 
",  gbs87,  1444336461
 228293000,  48.014065 ,  -4.864665,  gbs91,  1444269006 
  228037700 , 47.992447 ," -4.85581 
",  gbs91,  1444338281
 228293000,  48.0091 ,  -4.837498,  gbs91,  1444272376 
  228037700 , 47.992447 ," -4.85581 
",  gbs91,  1444338281
 227318020,  47.898487 ,  -4.738768,  gbs8k,  1444261899 
  227142200 , 47.880585 ," -4.7161984 
",  gbs8k,  1444340250
 228333000,  47.966633 ,  -4.677815,  gbs8v,  1444302258 
  228160000 , 47.977356 ," -4.668063 
",  gbs8v,  1444340950
 228813000,  47.905632 ,  -4.758455,  gbs8e,  1444290255 
  227318020 , 47.91878 ," -4.782302 
",  gbs8e,  1444341797
 228813000,  47.92024 ,  -4.75897,  gbs8e,  1444291985 
  227318020 , 47.91878 ," -4.782302 
",  gbs8e,  1444341797
 228813000,  47.928463 ,  -4.7583985,  gbs8e,  1444293356 
  227318020 , 47.91878 ," -4.782302 
",  gbs8e,  1444341797
 228813000,  47.942253 ,  -4.75808,  gbs8e,  1444295526 
  227318020 , 47.91878 ," -4.782302 
",  gbs8e,  1444341797
 228813000,  47.90902 ,  -4.7700815,  gbs8e,  1444301984 
  227318020 , 47.91878 ," -4.782302 
",  gbs8e,  1444341797
 228813000,  47.906506 ,  -4.7751,  gbs8e,  1444308925 
  227318020 , 47.91878 ," -4.782302 
",  gbs8e,  1444341797
 227318020,  47.91878 ,  -4.782302,  gbs8e,  1444341797 
  227318010 , 47.912018 ," -4.7498317 
",  gbs8e,  1444342548
 227318010,  47.912018 ,  -4.7498317,  gbs8e,  1444342548 
  227318020 , 47.91316 ," -4.7859836 
",  gbs8e,  1444344008
 227142200,  47.908607 ,  -4.7977386,  gbs8d,  1444343620 
  228156900 , 47.90294 ," -4.79829 
",  gbs8d,  1444344066
 228156900,  47.900494 ,  -4.72991,  gbs8s,  1444272545 
  227318010 , 47.904316 ," -4.735715 
",  gbs8s,  1444344157
 227318020,  47.91316 ,  -4.7859836,  gbs8e,  1444344008 
  228144000 , 47.916145 ," -4.7868814 
",  gbs8e,  1444344222
 228144000,  47.916145 ,  -4.7868814,  gbs8e,  1444344222 
  227590980 , 47.91232 ," -4.767063 
",  gbs8e,  1444345205
 228156900,  47.90294 ,  -4.79829,  gbs8d,  1444344066 
  228213700 , 47.909935 ," -4.8084617 
",  gbs8d,  1444345924
 228156900,  47.907425 ,  -4.8069983,  gbs8d,  1444345826 
  228213700 , 47.909935 ," -4.8084617 
",  gbs8d,  1444345924
 227590980,  47.91232 ,  -4.767063,  gbs8e,  1444345205 
  228208700 , 47.91279 ," -4.787852 
",  gbs8e,  1444345936
 228213700,  47.909935 ,  -4.8084617,  gbs8d,  1444345924 
  228160000 , 47.913254 ," -4.795017 
",  gbs8d,  1444346310
 228208700,  47.91279 ,  -4.787852,  gbs8e,  1444345936 
  227142200 , 47.91398 ," -4.7654433 
",  gbs8e,  1444347200
 228160000,  47.913254 ,  -4.795017,  gbs8d,  1444346310 
  228037700 , 47.9046 ," -4.8150234 
",  gbs8d,  1444347360
 228037700,  47.992447 ,  -4.85581,  gbs91,  1444338281 
  227319570 , 47.99458 ," -4.848282 
",  gbs91,  1444347752
 228037700,  48.003048 ,  -4.858595,  gbs91,  1444339490 
  227319570 , 47.99458 ," -4.848282 
",  gbs91,  1444347752
 228037700,  47.9046 ,  -4.8150234,  gbs8d,  1444347360 
  228156900 , 47.91334 ," -4.8074117 
",  gbs8d,  1444348255
 228156900,  47.91334 ,  -4.8074117,  gbs8d,  1444348255 
  228213700 , 47.921967 ," -4.811 
",  gbs8d,  1444348402
 227142200,  47.91398 ,  -4.7654433,  gbs8e,  1444347200 
  228156900 , 47.9035 ," -4.7684183 
",  gbs8e,  1444349155
 227142200,  47.91639 ,  -4.768892,  gbs8e,  1444348120 
  228156900 , 47.9035 ," -4.7684183 
",  gbs8e,  1444349155
 228156900,  47.9035 ,  -4.7684183,  gbs8e,  1444349155 
  227318010 , 47.911182 ," -4.755665 
",  gbs8e,  1444349717
 227318010,  47.911182 ,  -4.755665,  gbs8e,  1444349717 
  227142200 , 47.907772 ," -4.76338 
",  gbs8e,  1444349839
 228213700,  47.921967 ,  -4.811,  gbs8d,  1444348402 
  228160000 , 47.900574 ," -4.7948165 
",  gbs8d,  1444350891
 227142200,  47.907772 ,  -4.76338,  gbs8e,  1444349839 
  228156900 , 47.906307 ," -4.7693615 
",  gbs8e,  1444351366
 228017700,  48.375027 ,  -4.8082232,  gbse4,  1444291045 
  228336000 , 48.347145 ," -4.79166 
",  gbse4,  1444351584
 227635680,  47.89918 ,  -4.7471766,  gbs87,  1444336461 
  228037700 , 47.894257 ," -4.7502866 
",  gbs87,  1444351739
 228156900,  47.906307 ,  -4.7693615,  gbs8e,  1444351366 
  228213700 , 47.90135 ," -4.7882833 
",  gbs8e,  1444351943
 228336000,  48.347145 ,  -4.79166,  gbse4,  1444351584 
  228211900 , 48.377586 ," -4.8125067 
",  gbse4,  1444351961
 228333000,  48.15525 ,  -4.9751983,  gbs3y,  1444294280 
  227300000 , 48.13176 ," -4.986962 
",  gbs3y,  1444352417
 227312180,  48.328217 ,  -4.8968983,  gbsdb,  1444233020 
  226084000 , 48.328255 ," -4.88831 
",  gbsdb,  1444352421
 227312180,  48.32795 ,  -4.8978815,  gbsdb,  1444312205 
  226084000 , 48.328255 ," -4.88831 
",  gbsdb,  1444352421
 228211900,  48.377586 ,  -4.8125067,  gbse4,  1444351961 
  227312180 , 48.354984 ," -4.795298 
",  gbse4,  1444353145
 228037700,  47.894257 ,  -4.7502866,  gbs87,  1444351739 
  228213700 , 47.89608 ," -4.7761335 
",  gbs87,  1444354102
 228213700,  47.89608 ,  -4.7761335,  gbs87,  1444354102 
  227318010 , 47.89945 ," -4.7550983 
",  gbs87,  1444354589
 227318010,  47.89945 ,  -4.7550983,  gbs87,  1444354589 
  228213700 , 47.8949 ," -4.7746935 
",  gbs87,  1444355124
 227311000,  47.967968 ,  -4.7193484,  gbs8u,  1444273180 
  228813000 , 47.950687 ," -4.7259784 
",  gbs8u,  1444362805
 227311000,  47.967216 ,  -4.721365,  gbs8u,  1444310961 
  228813000 , 47.950687 ," -4.7259784 
",  gbs8u,  1444362805
 227573440,  48.10859 ,  -4.7058516,  gbs9s,  1444248516 
  228333000 , 48.09835 ," -4.7308984 
",  gbs9s,  1444365217
 227574020,  48.38237 ,  -4.4966235,  gbsg1,  1444331361 
  227635210 , 48.383644 ," -4.49545 
",  gbsg1,  1444365281
 227574020,  48.382385 ,  -4.49659,  gbsg1,  1444336011 
  227635210 , 48.383644 ," -4.49545 
",  gbsg1,  1444365281
 227574020,  48.38244 ,  -4.496575,  gbsg1,  1444339780 
  227635210 , 48.383644 ," -4.49545 
",  gbsg1,  1444365281
 227635210,  48.383644 ,  -4.49545,  gbsg1,  1444365281 
  227612860 , 48.380795 ," -4.4976883 
",  gbsg1,  1444365928
 246497000,  48.324326 ,  -5.135005,  gbs6g,  1444247783 
  212109000 , 48.325905 ," -5.106225 
",  gbs6g,  1444367753
 227318010,  47.904316 ,  -4.735715,  gbs8s,  1444344157 
  228813000 , 47.9054 ," -4.7265368 
",  gbs8s,  1444367915
 227612860,  48.380795 ,  -4.4976883,  gbsg1,  1444365928 
  227592820 , 48.365913 ," -4.4898667 
",  gbsg1,  1444368171
 227612860,  48.37786 ,  -4.494545,  gbsg1,  1444367886 
  227592820 , 48.365913 ," -4.4898667 
",  gbsg1,  1444368171
 228813000,  47.930313 ,  -4.692253,  gbs8t,  1444273525 
  228195000 , 47.912598 ," -4.689067 
",  gbs8t,  1444368938
 228813000,  47.92984 ,  -4.6753216,  gbs8t,  1444359365 
  228195000 , 47.912598 ," -4.689067 
",  gbs8t,  1444368938
 228213700,  47.90135 ,  -4.7882833,  gbs8e,  1444351943 
  228813000 , 47.913025 ," -4.755242 
",  gbs8e,  1444369786
 227592820,  48.365913 ,  -4.4898667,  gbsg1,  1444368171 
  227008170 , 48.38035 ," -4.484815 
",  gbsg1,  1444369847
 228336000,  48.43571 ,  -4.9012365,  gbse8,  1444304802 
  227002330 , 48.436726 ," -4.899165 
",  gbse8,  1444370163
 227612860,  48.29603 ,  -4.5111933,  gbsfc,  1444314871 
  227592820 , 48.303085 ," -4.488685 
",  gbsfc,  1444370461
 227008170,  48.38035 ,  -4.484815,  gbsg1,  1444369847 
  228017700 , 48.379032 ," -4.4838667 
",  gbsg1,  1444371811
 228017700,  48.379032 ,  -4.4838667,  gbsg1,  1444371811 
  227592820 , 48.3586 ," -4.4906616 
",  gbsg1,  1444372709
 227592820,  48.3586 ,  -4.4906616,  gbsg1,  1444372709 
  227005550 , 48.380707 ," -4.4873066 
",  gbsg1,  1444373121
 227312180,  48.354984 ,  -4.795298,  gbse4,  1444353145 
  227008170 , 48.37625 ," -4.811265 
",  gbse4,  1444374798
 227005550,  48.380707 ,  -4.4873066,  gbsg1,  1444373121 
  227612860 , 48.37942 ," -4.49613 
",  gbsg1,  1444376652
 227008170,  48.37625 ,  -4.811265,  gbse4,  1444374798 
  228017700 , 48.383266 ," -4.8216166 
",  gbse4,  1444377446
 228160000,  47.977356 ,  -4.668063,  gbs8v,  1444340950 
  227016100 , 47.982155 ," -4.6927285 
",  gbs8v,  1444378145
 227612860,  48.37942 ,  -4.49613,  gbsg1,  1444376652 
  227306100 , 48.380516 ," -4.487038 
",  gbsg1,  1444378500
 227306100,  48.380516 ,  -4.487038,  gbsg1,  1444378500 
  228064900 , 48.365067 ," -4.5118265 
",  gbsg1,  1444379023
 228064900,  48.365067 ,  -4.5118265,  gbsg1,  1444379023 
  227592820 , 48.37277 ," -4.49121 
",  gbsg1,  1444381618
 227592820,  48.37277 ,  -4.49121,  gbsg1,  1444381618 
  227005550 , 48.380714 ," -4.487275 
",  gbsg1,  1444382115
 227005550,  48.380714 ,  -4.487275,  gbsg1,  1444382115 
  228051000 , 48.381294 ," -4.48509 
",  gbsg1,  1444384264
 227002630,  48.02043 ,  -4.7378383,  gbs9h,  1444296955 
  228264000 , 47.99545 ," -4.713548 
",  gbs9h,  1444384877
 227002630,  48.012848 ,  -4.7232385,  gbs9h,  1444377998 
  228264000 , 47.99545 ," -4.713548 
",  gbs9h,  1444384877
 228131000,  47.95903 ,  -4.642958,  gbs8y,  1444295136 
  228195000 , 47.948753 ," -4.646983 
",  gbs8y,  1444388197
 228017700,  48.44227 ,  -4.974448,  gbs7w,  1444294308 
  227008170 , 48.455284 ," -4.9899817 
",  gbs7w,  1444390443
 226084000,  48.328255 ,  -4.88831,  gbsdb,  1444352421 
  227312180 , 48.328835 ," -4.890432 
",  gbsdb,  1444392144
 228051000,  48.381294 ,  -4.48509,  gbsg1,  1444384264 
  228186700 , 48.370834 ," -4.512665 
",  gbsg1,  1444392417
 228186700,  48.370834 ,  -4.512665,  gbsg1,  1444392417 
  227612860 , 48.380554 ," -4.4976416 
",  gbsg1,  1444396479
 227612860,  48.380554 ,  -4.4976416,  gbsg1,  1444396479 
  228186700 , 48.370834 ," -4.512665 
",  gbsg1,  1444396543
 228017700,  48.383266 ,  -4.8216166,  gbse4,  1444377446 
  226084000 , 48.383133 ," -4.82353 
",  gbse4,  1444398412
 227592820,  48.28788 ,  -4.4110284,  gbsfe,  1444283630 
  227612860 , 48.284588 ," -4.415 
",  gbsfe,  1444398877
 227592820,  48.29144 ,  -4.413252,  gbsfe,  1444316030 
  227612860 , 48.284588 ," -4.415 
",  gbsfe,  1444398877
 227592820,  48.291992 ,  -4.41325,  gbsfe,  1444383565 
  227612860 , 48.284588 ," -4.415 
",  gbsfe,  1444398877
 228186700,  48.370834 ,  -4.512665,  gbsg1,  1444396543 
  227592820 , 48.373867 ," -4.492192 
",  gbsg1,  1444399579
 227592820,  48.373867 ,  -4.492192,  gbsg1,  1444399579 
  227005550 , 48.3807 ," -4.487315 
",  gbsg1,  1444399814
 228213700,  47.8949 ,  -4.7746935,  gbs87,  1444355124 
  228813000 , 47.89535 ," -4.754667 
",  gbs87,  1444400025
 228213700,  47.890106 ,  -4.754715,  gbs87,  1444357603 
  228813000 , 47.89535 ," -4.754667 
",  gbs87,  1444400025
 228213700,  47.869026 ,  -4.754975,  gbs87,  1444361723 
  228813000 , 47.89535 ," -4.754667 
",  gbs87,  1444400025
 227002330,  48.40296 ,  -4.9015164,  gbse2,  1444374526 
  228017700 , 48.40238 ," -4.9153814 
",  gbse2,  1444402990
 227016100,  47.982155 ,  -4.6927285,  gbs8v,  1444378145 
  227314000 , 47.967453 ," -4.669678 
",  gbs8v,  1444403065
 228264000,  47.99545 ,  -4.713548,  gbs9h,  1444384877 
  227002630 , 48.03166 ," -4.7393384 
",  gbs9h,  1444407056
 226084000,  48.383133 ,  -4.82353,  gbse4,  1444398412 
  228017700 , 48.381252 ," -4.81854 
",  gbse4,  1444407397
 305137000,  48.161083 ,  -5.228715,  gbs3c,  1444350981 
  244850116 , 48.12565 ," -5.21784 
",  gbs3c,  1444409424
 227008170,  48.455284 ,  -4.9899817,  gbs7w,  1444390443 
  228017700 , 48.45775 ," -4.980125 
",  gbs7w,  1444412666
 228017700,  48.381252 ,  -4.81854,  gbse4,  1444407397 
  226084000 , 48.361694 ," -4.8186717 
",  gbse4,  1444434949
 226084000,  48.361694 ,  -4.8186717,  gbse4,  1444434949 
  227312180 , 48.3447 ," -4.8094816 
",  gbse4,  1444438222
 227312180,  48.3447 ,  -4.8094816,  gbse4,  1444438222 
  228336000 , 48.361073 ," -4.7941484 
",  gbse4,  1444438838
 228336000,  48.361073 ,  -4.7941484,  gbse4,  1444438838 
  228211900 , 48.378788 ," -4.8166084 
",  gbse4,  1444439462
 227005550,  48.3807 ,  -4.487315,  gbsg1,  1444399814 
  227705102 , 48.38368 ," -4.495353 
",  gbsg1,  1444454960
 227705102,  48.38368 ,  -4.495353,  gbsg1,  1444454960 
  228017700 , 48.379696 ," -4.484393 
",  gbsg1,  1444458122
 227705102,  48.38366 ,  -4.495342,  gbsg1,  1444456959 
  228017700 , 48.379696 ," -4.484393 
",  gbsg1,  1444458122
 228813000,  47.913025 ,  -4.755242,  gbs8e,  1444369786 
  226267000 , 47.92321 ," -4.7834115 
",  gbs8e,  1444458939
 228813000,  47.92884 ,  -4.760822,  gbs8e,  1444370725 
  226267000 , 47.92321 ," -4.7834115 
",  gbs8e,  1444458939
 228813000,  47.9138 ,  -4.758315,  gbs8e,  1444394876 
  226267000 , 47.92321 ," -4.7834115 
",  gbs8e,  1444458939
 228813000,  47.9198 ,  -4.7578917,  gbs8e,  1444396196 
  226267000 , 47.92321 ," -4.7834115 
",  gbs8e,  1444458939
 228813000,  47.90997 ,  -4.754835,  gbs8e,  1444398765 
  226267000 , 47.92321 ," -4.7834115 
",  gbs8e,  1444458939
 228017700,  48.379696 ,  -4.484393,  gbsg1,  1444458122 
  227306100 , 48.380516 ," -4.487035 
",  gbsg1,  1444462037
 228211900,  48.378788 ,  -4.8166084,  gbse4,  1444439462 
  228017700 , 48.35831 ," -4.7901983 
",  gbse4,  1444463330
 227306100,  48.380516 ,  -4.487035,  gbsg1,  1444462037 
  227005550 , 48.38074 ," -4.4872484 
",  gbsg1,  1444471119
 227005550,  48.38074 ,  -4.4872484,  gbsg1,  1444471119 
  228051000 , 48.38132 ," -4.485105 
",  gbsg1,  1444471874
 227002330,  48.436726 ,  -4.899165,  gbse8,  1444370163 
  228336000 , 48.43046 ," -4.8921084 
",  gbse8,  1444481636
 228051000,  48.38132 ,  -4.485105,  gbsg1,  1444471874 
  227005550 , 48.379417 ," -4.484625 
",  gbsg1,  1444486578
 227005550,  48.379417 ,  -4.484625,  gbsg1,  1444486578 
  228186700 , 48.370834 ," -4.512665 
",  gbsg1,  1444495680
 236401000,  48.130333 ,  -4.5054984,  gbscc,  1444413041 
  577228000 , 48.122345 ," -4.5197415 
",  gbscc,  1444499046
 228017700,  48.35831 ,  -4.7901983,  gbse4,  1444463330 
  227577000 , 48.352467 ," -4.791075 
",  gbse4,  1444499751
 228017700,  48.35952 ,  -4.7914834,  gbse4,  1444478621 
  227577000 , 48.352467 ," -4.791075 
",  gbse4,  1444499751
 228186700,  48.370834 ,  -4.512665,  gbsg1,  1444495680 
  227005550 , 48.380733 ," -4.4872985 
",  gbsg1,  1444503041
 227005550,  48.380733 ,  -4.4872985,  gbsg1,  1444503041 
  228186700 , 48.370834 ," -4.5124984 
",  gbsg1,  1444504343
 228211900,  48.363384 ,  -4.851205,  gbse1,  1444490163 
  226084000 , 48.36363 ," -4.8579335 
",  gbse1,  1444524050
 228186700,  48.370834 ,  -4.5124984,  gbsg1,  1444504343 
  227003050 , 48.378845 ," -4.483423 
",  gbsg1,  1444544747
 228186700,  48.370834 ,  -4.512665,  gbsg1,  1444512962 
  227003050 , 48.378845 ," -4.483423 
",  gbsg1,  1444544747
 227003050,  48.378845 ,  -4.483423,  gbsg1,  1444544747 
  227306100 , 48.380527 ," -4.4870315 
",  gbsg1,  1444548249
 227577000,  48.352467 ,  -4.791075,  gbse4,  1444499751 
  227003050 , 48.361248 ," -4.796507 
",  gbse4,  1444549789
 249028000,  48.0824 ,  -5.2424316,  gbs38,  1444459340 
  236038000 , 48.079254 ," -5.2584567 
",  gbs38,  1444553649
 227306100,  48.380527 ,  -4.4870315,  gbsg1,  1444548249 
  227005550 , 48.380005 ," -4.485522 
",  gbsg1,  1444561192
 227114300,  48.26706 ,  -4.939707,  gbs6x,  1444487003 
  228827000 , 48.293907 ," -4.946698 
",  gbs6x,  1444572739
 227005550,  48.380005 ,  -4.485522,  gbsg1,  1444561192 
  228186700 , 48.370834 ," -4.512665 
",  gbsg1,  1444574596
 227005550,  48.37872 ,  -4.4839215,  gbsg1,  1444570438 
  228186700 , 48.370834 ," -4.512665 
",  gbsg1,  1444574596
 228186700,  48.370834 ,  -4.512665,  gbsg1,  1444574596 
  227005550 , 48.3785 ," -4.483765 
",  gbsg1,  1444577124
 227005550,  48.3785 ,  -4.483765,  gbsg1,  1444577124 
  205880600 , 48.377213 ," -4.48875 
",  gbsg1,  1444577927
 205880600,  48.377213 ,  -4.48875,  gbsg1,  1444577927 
  228186700 , 48.370834 ," -4.5124984 
",  gbsg1,  1444586758
 227392000,  48.29257 ,  -5.0568686,  gbs6s,  1444511961 
  226178000 , 48.274513 ," -5.0771966 
",  gbs6s,  1444593726
 236038000,  47.859398 ,  -4.910158,  gbs82,  1444545440 
  246497000 , 47.887146 ," -4.884525 
",  gbs82,  1444597027
 227311000,  47.97798 ,  -4.714432,  gbs8u,  1444528580 
  228208700 , 47.95986 ," -4.7189717 
",  gbs8u,  1444597805
 227867000,  48.1158 ,  -4.84861,  gbs99,  1444541575 
  228150000 , 48.10524 ," -4.866155 
",  gbs99,  1444606912
 226178000,  48.274513 ,  -5.0771966,  gbs6s,  1444593726 
  228236700 , 48.275806 ," -5.083885 
",  gbs6s,  1444609789
 227312180,  48.33755 ,  -4.825615,  gbsdf,  1444524982 
  228336000 , 48.327946 ," -4.806898 
",  gbsdf,  1444612179
 246497000,  48.02246 ,  -5.1631966,  gbs34,  1444591477 
  220625000 , 48.018112 ," -5.1807485 
",  gbs34,  1444612343
 227330000,  48.1304 ,  -4.392335,  gbscu,  1444555129 
  228150000 , 48.1243 ," -4.3811665 
",  gbscu,  1444614342
 228186700,  48.370834 ,  -4.5124984,  gbsg1,  1444586758 
  227005550 , 48.380695 ," -4.487282 
",  gbsg1,  1444615665
 236038000,  48.079254 ,  -5.2584567,  gbs38,  1444553649 
  248043000 , 48.0763 ," -5.2583365 
",  gbs38,  1444623666
 477182700,  49.166813 ,  -5.1014967,  gbsre,  1444623107 
  311000274 , 49.145317 ," -5.108065 
",  gbsre,  1444623923
 227005550,  48.380695 ,  -4.487282,  gbsg1,  1444615665 
  227635210 , 48.382446 ," -4.49668 
",  gbsg1,  1444626065
 227005550,  48.378963 ,  -4.4841,  gbsg1,  1444620071 
  227635210 , 48.382446 ," -4.49668 
",  gbsg1,  1444626065
 227635210,  48.382446 ,  -4.49668,  gbsg1,  1444626065 
  227592820 , 48.370193 ," -4.490792 
",  gbsg1,  1444627280
 227592820,  48.370193 ,  -4.490792,  gbsg1,  1444627280 
  227005550 , 48.38042 ," -4.48633 
",  gbsg1,  1444628714
 227005550,  48.38042 ,  -4.48633,  gbsg1,  1444628714 
  228051000 , 48.3813 ," -4.4850783 
",  gbsg1,  1444628816
 228051000,  48.3813 ,  -4.4850783,  gbsg1,  1444628816 
  227003050 , 48.378525 ," -4.483825 
",  gbsg1,  1444631045
 227003050,  48.378525 ,  -4.483825,  gbsg1,  1444631045 
  227592820 , 48.358627 ," -4.49012 
",  gbsg1,  1444631961
 227592820,  48.358627 ,  -4.49012,  gbsg1,  1444631961 
  227577000 , 48.382027 ," -4.48604 
",  gbsg1,  1444635317
 227577000,  48.382027 ,  -4.48604,  gbsg1,  1444635317 
  227306100 , 48.380516 ," -4.487075 
",  gbsg1,  1444635324
 227306100,  48.380516 ,  -4.487075,  gbsg1,  1444635324 
  228064900 , 48.367073 ," -4.511045 
",  gbsg1,  1444636037
 228213700,  47.96562 ,  -4.6763983,  gbs8v,  1444603457 
  228109000 , 47.98139 ," -4.686092 
",  gbs8v,  1444637065
 228150000,  48.1243 ,  -4.3811665,  gbscu,  1444614342 
  227314000 , 48.12359 ," -4.369312 
",  gbscu,  1444637086
 305886000,  47.968166 ,  -5.246498,  gbs2b,  1444569480 
  319206000 , 47.96168 ," -5.2471933 
",  gbs2b,  1444638172
 227002630,  48.013546 ,  -4.721375,  gbs9h,  1444550724 
  228109000 , 48.013454 ," -4.744147 
",  gbs9h,  1444638337
 227002630,  48.03121 ,  -4.740665,  gbs9h,  1444637374 
  228109000 , 48.013454 ," -4.744147 
",  gbs9h,  1444638337
 228064900,  48.367073 ,  -4.511045,  gbsg1,  1444636037 
  227580520 , 48.37956 ," -4.497103 
",  gbsg1,  1444640662
 227580520,  48.37956 ,  -4.497103,  gbsg1,  1444640662 
  227592820 , 48.361225 ," -4.483625 
",  gbsg1,  1444640871
 227592820,  48.361225 ,  -4.483625,  gbsg1,  1444640871 
  227580520 , 48.379555 ," -4.49713 
",  gbsg1,  1444642252
 227580520,  48.379555 ,  -4.49713,  gbsg1,  1444642252 
  227005550 , 48.378113 ," -4.484155 
",  gbsg1,  1444644715
 227005550,  48.378113 ,  -4.484155,  gbsg1,  1444644715 
  205880600 , 48.37725 ," -4.488682 
",  gbsg1,  1444648208
 228109000,  48.185028 ,  -5.015283,  gbs6j,  1444647348 
  228336000 , 48.188007 ," -5.03958 
",  gbs6j,  1444649269
 205880600,  48.37725 ,  -4.488682,  gbsg1,  1444648208 
  228186700 , 48.370834 ," -4.512665 
",  gbsg1,  1444655516
 228186700,  48.370834 ,  -4.512665,  gbsg1,  1444655516 
  227592820 , 48.36572 ," -4.4897385 
",  gbsg1,  1444658810
 227592820,  48.36572 ,  -4.4897385,  gbsg1,  1444658810 
  205880600 , 48.377254 ," -4.48869 
",  gbsg1,  1444659448
