48.118046,-4.3472633,228854000,15,10.4,0.0,257.0,260.8,1443650401
48.38249,-4.4657183,245257000,0,0.1,0.0,36.0,13.1,1443650402
48.38242,-4.4965715,227705102,15,0.0,-127.0,511.0,262.7,1443650403
48.092247,-4.644325,228131600,15,8.5,-127.0,511.0,263.7,1443650404
48.38132,-4.4851084,228051000,0,0.0,-127.0,511.0,295.0,1443650405
48.11799,-4.347615,228854000,15,10.4,0.0,258.0,258.5,1443650405
48.38366,-4.4954414,227574020,15,0.1,-127.0,511.0,248.6,1443650406
48.117958,-4.347825,228854000,15,10.4,0.0,259.0,258.2,1443650408
48.377426,-4.48804,227369960,0,0.0,0.0,511.0,360.0,1443650408
47.987152,-4.7691517,227415000,15,11.4,-127.0,511.0,176.5,1443650409
48.157547,-4.448573,228037600,15,9.0,-127.0,511.0,90.2,1443650409
48.16634,-4.4719133,228037700,15,9.1,-127.0,511.0,78.5,1443650411
48.005634,-4.782632,227443000,15,11.1,-127.0,511.0,171.5,1443650411
48.117912,-4.348105,228854000,15,10.4,127.0,267.0,258.2,1443650412
48.382507,-4.46572,245257000,0,0.0,0.0,35.0,13.1,1443650413
48.381313,-4.4850984,228051000,0,0.0,-127.0,511.0,292.2,1443650415
48.09218,-4.644965,228131600,15,8.5,-127.0,511.0,265.2,1443650416
48.117886,-4.348457,228854000,15,10.3,127.0,270.0,262.7,1443650417
47.98662,-4.7691116,227415000,15,11.3,-127.0,511.0,175.8,1443650419
48.157574,-4.4480133,228037600,15,9.1,-127.0,511.0,87.6,1443650419
48.005116,-4.7825317,227443000,15,11.3,-127.0,511.0,172.6,1443650420
48.1664,-4.4714084,228037700,15,6.7,-127.0,511.0,79.3,1443650421
48.38252,-4.4657216,245257000,0,0.0,0.0,35.0,13.1,1443650423
48.382423,-4.4965734,227705102,15,0.0,-127.0,511.0,262.3,1443650423
48.11788,-4.3490334,228854000,15,10.3,0.0,270.0,267.7,1443650424
48.38132,-4.4850965,228051000,0,0.0,-127.0,511.0,291.5,1443650424
48.09213,-4.645487,228131600,15,8.7,-127.0,511.0,260.9,1443650425
48.383663,-4.49544,227574020,15,0.0,-127.0,511.0,244.7,1443650427
48.37718,-4.4892783,211232180,0,0.0,0.0,511.0,286.7,1443650428
48.117874,-4.3492484,228854000,15,10.4,0.0,270.0,268.0,1443650428
47.986107,-4.7690268,227415000,15,11.4,-127.0,511.0,174.7,1443650429
48.15763,-4.4473267,228037600,15,9.1,-127.0,511.0,87.2,1443650430
48.166428,-4.471053,228037700,15,4.4,-127.0,511.0,81.1,1443650431
48.117874,-4.349535,228854000,15,10.4,127.0,271.0,268.8,1443650431
48.0046,-4.7824483,227443000,15,11.3,-127.0,511.0,173.7,1443650431
48.382526,-4.4657283,245257000,0,0.1,0.0,35.0,13.1,1443650433
48.38132,-4.4850736,228051000,0,0.0,-127.0,511.0,291.4,1443650433
48.092106,-4.64607,228131600,15,8.4,-127.0,511.0,269.4,1443650434
47.985645,-4.768925,227415000,15,11.1,-127.0,511.0,172.2,1443650438
48.11528,-4.48347,228931000,7,8.7,-126.0,81.0,85.1,1443650438
48.117874,-4.3499684,228854000,15,10.4,0.0,271.0,269.7,1443650438
48.157658,-4.4467,228037600,15,9.1,-127.0,511.0,86.8,1443650439
48.16644,-4.4708233,228037700,15,3.1,-127.0,511.0,87.5,1443650441
48.379265,-4.489965,227362110,0,0.0,0.0,511.0,307.7,1443650441
48.382534,-4.465737,245257000,0,0.0,0.0,35.0,13.1,1443650442
48.382435,-4.49658,227705102,15,0.1,-127.0,511.0,275.0,1443650444
48.381332,-4.485085,228051000,0,0.0,-127.0,511.0,291.8,1443650444
48.092075,-4.6467066,228131600,15,8.5,-127.0,511.0,266.2,1443650445
48.38368,-4.4954367,227574020,15,0.1,-127.0,511.0,252.4,1443650447
47.98514,-4.7687883,227415000,15,11.0,-127.0,511.0,170.8,1443650448
48.20724,-4.497025,234056000,1,0.0,0.0,50.0,301.5,1443650449
48.00355,-4.782232,227443000,15,11.5,-127.0,511.0,171.7,1443650450
48.15768,-4.4460735,228037600,15,9.0,-127.0,511.0,87.2,1443650450
48.166454,-4.4706483,228037700,15,2.1,-127.0,511.0,90.8,1443650452
48.382534,-4.4657383,245257000,0,0.0,0.0,35.0,13.1,1443650452
48.382435,-4.496585,227705102,15,0.0,-127.0,511.0,283.6,1443650452
48.381336,-4.485085,228051000,0,0.0,-127.0,511.0,293.0,1443650454
48.09204,-4.6472917,228131600,15,8.4,-127.0,511.0,264.9,1443650455
48.383686,-4.4954367,227574020,15,0.1,-127.0,511.0,249.6,1443650456
48.36836,-4.5161815,228791000,5,0.0,-127.0,511.0,343.6,1443650456
48.115402,-4.4822764,228931000,7,8.7,127.0,85.0,83.0,1443650458
47.98463,-4.768687,227415000,15,11.3,-127.0,511.0,172.0,1443650459
48.369514,-4.5148535,228064900,5,0.0,0.0,313.0,268.2,1443650460
48.166447,-4.470548,228037700,15,1.5,-127.0,511.0,95.4,1443650460
48.003067,-4.7821317,227443000,15,11.4,-127.0,511.0,171.1,1443650460
48.157696,-4.4454517,228037600,15,9.0,-127.0,511.0,88.2,1443650460
48.370834,-4.512665,228186700,5,0.0,0.0,139.0,350.0,1443650460
48.092,-4.647815,228131600,15,8.4,-127.0,511.0,266.1,1443650464
48.382874,-4.4794416,235013963,0,0.0,0.0,511.0,46.6,1443650465
48.383686,-4.4954367,227574020,15,0.0,-127.0,511.0,246.7,1443650466
48.38134,-4.485093,228051000,0,0.0,-127.0,511.0,293.2,1443650466
47.98407,-4.7685933,227415000,15,11.2,-127.0,511.0,173.0,1443650469
48.00255,-4.782015,227443000,15,11.2,-127.0,511.0,172.5,1443650469
48.157722,-4.4448285,228037600,15,9.0,-127.0,511.0,85.4,1443650470
48.166447,-4.4704785,228037700,15,1.1,-127.0,511.0,102.4,1443650471
48.382607,-4.4658,245257000,0,0.0,0.0,36.0,13.1,1443650473
48.382427,-4.4965935,227705102,15,0.1,-127.0,511.0,288.3,1443650474
48.38134,-4.485095,228051000,0,0.0,-127.0,511.0,291.6,1443650474
48.091953,-4.6484685,228131600,15,8.6,-127.0,511.0,263.6,1443650476
48.11796,-4.352793,228854000,15,10.6,-126.0,271.0,273.1,1443650477
48.15777,-4.444267,228037600,15,9.1,-127.0,511.0,82.5,1443650479
47.983547,-4.768493,227415000,15,11.3,-127.0,511.0,172.5,1443650479
48.001984,-4.781915,227443000,15,11.3,-127.0,511.0,173.8,1443650480
48.16643,-4.47043,228037700,15,0.8,-127.0,511.0,111.7,1443650481
48.38244,-4.4965816,227705102,15,0.0,-127.0,511.0,280.1,1443650483
48.38134,-4.485093,228051000,0,0.0,-127.0,511.0,290.6,1443650484
48.091915,-4.648995,228131600,15,8.7,-127.0,511.0,262.5,1443650485
48.11796,-4.3534517,228854000,15,10.6,-126.0,267.0,269.8,1443650486
48.38368,-4.495435,227574020,15,0.0,-127.0,511.0,251.9,1443650487
48.11795,-4.3536735,228854000,15,10.6,-126.0,266.0,268.7,1443650488
47.983006,-4.7684083,227415000,15,11.6,-127.0,511.0,173.6,1443650489
48.380672,-4.4860215,227002330,5,0.0,0.0,243.0,212.3,1443650489
48.15782,-4.4435816,228037600,15,9.0,-127.0,511.0,85.3,1443650490
48.16641,-4.4703984,228037700,15,0.6,-127.0,511.0,127.3,1443650491
48.001484,-4.781815,227443000,15,11.4,-127.0,511.0,172.0,1443650491
48.11794,-4.35382,228854000,15,10.6,0.0,267.0,267.8,1443650492
48.381348,-4.4850883,228051000,0,0.0,-127.0,511.0,290.5,1443650493
48.382607,-4.46582,245257000,0,0.0,0.0,36.0,13.1,1443650493
48.382446,-4.4965734,227705102,15,0.0,-127.0,511.0,276.7,1443650494
48.091827,-4.6495733,228131600,15,8.6,-127.0,511.0,261.3,1443650495
48.11792,-4.354328,228854000,15,10.6,127.0,269.0,267.2,1443650498
47.98254,-4.768328,227415000,15,11.4,-127.0,511.0,173.3,1443650498
48.09865,-4.326842,228190600,7,0.0,-127.0,511.0,0.0,1443650498
48.15784,-4.443015,228037600,15,9.1,-127.0,511.0,86.8,1443650499
48.380783,-4.48603,227003050,5,0.0,0.0,242.0,10.0,1443650499
48.166393,-4.4703865,228037700,15,0.5,-127.0,511.0,150.1,1443650500
48.000965,-4.781698,227443000,15,11.2,-127.0,511.0,170.8,1443650501
48.117916,-4.3545465,228854000,15,10.6,0.0,269.0,267.7,1443650501
48.38258,-4.4658165,245257000,0,0.0,0.0,35.0,13.1,1443650502
48.38108,-4.4857,228017700,5,0.0,0.0,151.0,317.0,1443650502
48.09176,-4.6502185,228131600,15,8.9,-127.0,511.0,259.2,1443650505
48.117912,-4.3548384,228854000,15,10.6,0.0,269.0,268.3,1443650505
48.38135,-4.485085,228051000,0,0.0,-127.0,511.0,290.8,1443650505
48.157887,-4.4423933,228037600,15,9.0,-127.0,511.0,84.4,1443650509
47.98198,-4.76818,227415000,15,11.1,-127.0,511.0,170.6,1443650509
48.00045,-4.7815986,227443000,15,11.3,-127.0,511.0,172.9,1443650511
48.166374,-4.470402,228037700,15,0.6,-127.0,511.0,185.9,1443650512
48.38244,-4.4965734,227705102,15,0.1,-127.0,511.0,270.9,1443650512
48.382557,-4.4658084,245257000,0,0.0,0.0,35.0,13.1,1443650512
48.38135,-4.485083,228051000,0,0.0,-127.0,511.0,290.7,1443650515
48.09172,-4.6508017,228131600,15,8.5,-127.0,511.0,262.7,1443650515
48.1179,-4.355785,228854000,15,10.5,127.0,272.0,269.5,1443650518
47.98153,-4.7680736,227415000,15,10.9,-127.0,511.0,170.3,1443650518
48.157967,-4.4417214,228037600,15,8.9,-127.0,511.0,80.7,1443650520
48.166348,-4.470425,228037700,15,0.9,-127.0,511.0,207.3,1443650520
47.999985,-4.781532,227443000,15,11.3,-127.0,511.0,176.9,1443650520
48.382545,-4.465803,245257000,0,0.0,0.0,35.0,13.1,1443650522
48.382435,-4.4965734,227705102,15,0.1,-127.0,511.0,266.5,1443650523
48.091694,-4.6513367,228131600,15,8.4,-127.0,511.0,266.3,1443650524
48.381348,-4.485083,228051000,0,0.0,-127.0,511.0,291.3,1443650525
48.38365,-4.495445,227574020,15,0.0,-127.0,511.0,255.1,1443650526
48.117924,-4.3565083,228854000,15,10.5,127.0,275.0,272.4,1443650528
47.999466,-4.781532,227443000,15,11.3,-127.0,511.0,181.7,1443650529
47.98097,-4.767975,227415000,15,11.2,-127.0,511.0,172.2,1443650529
48.158028,-4.441105,228037600,15,9.0,-127.0,511.0,81.9,1443650530
48.16633,-4.470452,228037700,15,0.8,-127.0,511.0,221.4,1443650531
48.38254,-4.4657984,245257000,0,0.1,0.0,35.0,13.1,1443650533
48.382435,-4.496568,227705102,15,0.1,-127.0,511.0,270.7,1443650534
48.38134,-4.485083,228051000,0,0.0,-127.0,511.0,291.7,1443650534
48.33919,-4.4766684,304091000,1,0.0,1.0,25.0,116.0,1443650535
48.091652,-4.651975,228131600,15,8.7,-127.0,511.0,262.4,1443650536
48.158062,-4.4405484,228037600,15,8.9,-127.0,511.0,84.3,1443650539
47.98046,-4.7678633,227415000,15,11.2,-127.0,511.0,172.3,1443650539
47.99893,-4.781582,227443000,15,11.4,-127.0,511.0,182.5,1443650541
48.166294,-4.470495,228037700,15,1.0,-127.0,511.0,228.7,1443650541
48.382435,-4.496577,227705102,15,0.0,-127.0,511.0,275.0,1443650543
48.382534,-4.4657917,245257000,0,0.0,0.0,36.0,13.1,1443650543
48.38134,-4.4850864,228051000,0,0.0,-127.0,511.0,290.8,1443650544
48.09157,-4.652488,228131600,15,8.8,-127.0,511.0,255.6,1443650545
48.383648,-4.495448,227574020,15,0.0,-127.0,511.0,254.1,1443650546
48.16626,-4.470548,228037700,15,0.9,-127.0,511.0,235.6,1443650551
47.998367,-4.781615,227443000,15,11.3,-127.0,511.0,182.0,1443650551
48.15806,-4.439872,228037600,15,8.9,-127.0,511.0,90.8,1443650551
48.382553,-4.4658017,245257000,0,0.0,0.0,36.0,13.1,1443650553
48.38135,-4.485085,228051000,0,0.0,-127.0,511.0,292.6,1443650554
48.0915,-4.653138,228131600,15,8.0,-127.0,511.0,262.8,1443650555
48.38244,-4.496587,227705102,15,0.0,-127.0,511.0,275.4,1443650555
48.118015,-4.358685,228854000,15,10.6,-126.0,271.0,272.2,1443650558
48.384632,-4.45237,311018500,5,0.0,0.0,35.0,246.7,1443650559
48.15802,-4.43932,228037600,15,8.9,-127.0,511.0,95.1,1443650559
47.979515,-4.76765,227415000,15,10.9,-127.0,511.0,171.7,1443650559
47.997833,-4.781648,227443000,15,11.4,-127.0,511.0,181.8,1443650561
48.166233,-4.470617,228037700,15,1.2,-127.0,511.0,243.9,1443650562
48.382553,-4.4657984,245257000,0,0.1,0.0,36.0,13.1,1443650562
48.382435,-4.496587,227705102,15,0.1,-127.0,511.0,281.5,1443650564
48.3861,-4.45906,311153000,5,0.0,0.0,1.0,64.0,1443650565
48.381363,-4.48509,228051000,0,0.0,-127.0,511.0,294.4,1443650565
48.09146,-4.65373,228131600,15,8.4,-127.0,511.0,263.8,1443650566
47.978916,-4.767463,227415000,15,10.9,-127.0,511.0,169.3,1443650569
48.157948,-4.43871,228037600,15,8.9,-127.0,511.0,100.0,1443650569
47.99732,-4.7816815,227443000,15,11.4,-127.0,511.0,183.1,1443650571
48.382545,-4.4657917,245257000,0,0.0,0.0,36.0,13.1,1443650572
48.382435,-4.49658,227705102,15,0.0,-127.0,511.0,295.0,1443650572
48.1662,-4.4706516,228037700,15,1.0,-127.0,511.0,250.2,1443650572
48.37982,-4.4857683,226263000,5,0.1,0.0,134.0,180.6,1443650573
48.091434,-4.65426,228131600,15,8.4,-127.0,511.0,262.9,1443650574
48.381367,-4.485093,228051000,0,0.0,-127.0,511.0,294.4,1443650574
48.116016,-4.4750667,228931000,7,8.8,-126.0,81.0,83.9,1443650578
48.117996,-4.360155,228854000,15,10.6,0.0,267.0,268.4,1443650578
47.97852,-4.767375,227415000,15,10.9,-127.0,511.0,171.4,1443650578
48.166187,-4.4706917,228037700,15,0.9,-127.0,511.0,253.3,1443650580
48.15782,-4.438055,228037600,15,8.9,-127.0,511.0,105.5,1443650580
47.99685,-4.781698,227443000,15,11.4,-127.0,511.0,181.4,1443650580
48.382534,-4.46578,245257000,0,0.0,0.0,36.0,13.1,1443650582
48.38243,-4.49658,227705102,15,0.1,-127.0,511.0,292.3,1443650583
48.091385,-4.654842,228131600,15,8.1,-127.0,511.0,263.7,1443650584
48.38135,-4.485065,228051000,0,0.0,-127.0,511.0,293.6,1443650585
48.38365,-4.495448,227574020,15,0.0,-127.0,511.0,268.3,1443650586
48.377415,-4.4880433,227369960,0,0.0,0.0,511.0,360.0,1443650588
48.11798,-4.360885,228854000,15,10.6,127.0,270.0,268.2,1443650588
47.978024,-4.767225,227415000,15,10.8,-127.0,511.0,168.8,1443650588
48.157654,-4.4374886,228037600,15,8.9,-127.0,511.0,114.6,1443650589
48.166172,-4.4707565,228037700,15,0.8,-127.0,511.0,257.6,1443650591
48.38252,-4.46577,245257000,0,0.0,0.0,35.0,13.1,1443650592
48.382427,-4.4965835,227705102,15,0.1,-127.0,511.0,292.3,1443650592
48.381348,-4.4850683,228051000,0,0.0,-127.0,511.0,292.2,1443650594
48.091328,-4.6554832,228131600,15,8.6,-127.0,511.0,264.2,1443650596
48.11798,-4.361545,228854000,15,10.6,0.0,272.0,270.4,1443650597
47.977486,-4.767053,227415000,15,10.8,-127.0,511.0,169.2,1443650599
47.995815,-4.7817483,227443000,15,11.2,-127.0,511.0,182.3,1443650600
48.15744,-4.43695,228037600,15,9.0,-127.0,511.0,121.2,1443650600
48.166157,-4.470855,228037700,15,1.1,-127.0,511.0,261.3,1443650602
48.382507,-4.465765,245257000,0,0.0,0.0,35.0,13.1,1443650602
48.382427,-4.496585,227705102,15,0.1,-127.0,511.0,297.3,1443650603
48.091267,-4.6560116,228131600,15,8.3,-127.0,511.0,266.0,1443650605
48.381348,-4.48507,228051000,0,0.0,-127.0,511.0,291.9,1443650605
48.117992,-4.3622785,228854000,15,10.6,0.0,274.0,271.5,1443650607
48.11626,-4.4732785,228931000,7,8.8,0.0,79.0,78.6,1443650608
48.377186,-4.48929,211232180,0,0.0,0.0,511.0,0.0,1443650609
47.97699,-4.7669315,227415000,15,10.7,-127.0,511.0,170.1,1443650609
48.157166,-4.436475,228037600,15,9.0,-127.0,511.0,129.6,1443650610
47.99525,-4.7817817,227443000,15,11.3,-127.0,511.0,182.7,1443650611
48.16615,-4.47093,228037700,15,1.1,-127.0,511.0,262.8,1443650611
48.382492,-4.4657617,245257000,0,0.0,0.0,35.0,13.1,1443650612
48.381348,-4.4850736,228051000,0,0.0,-127.0,511.0,289.8,1443650614
48.0912,-4.65665,228131600,15,8.7,-127.0,511.0,259.7,1443650616
48.098644,-4.3268385,228190600,7,0.0,-127.0,511.0,0.0,1443650617
48.118015,-4.36302,228854000,15,9.6,127.0,277.0,272.9,1443650618
47.976555,-4.766802,227415000,15,10.6,-127.0,511.0,168.9,1443650619
48.12009,-4.4191065,228157000,0,9.1,-127.0,511.0,82.4,1443650619
48.1569,-4.4360566,228037600,15,9.1,-127.0,511.0,132.1,1443650619
48.38248,-4.465757,245257000,0,0.0,0.0,35.0,13.1,1443650622
48.16614,-4.471005,228037700,15,1.1,-127.0,511.0,262.2,1443650622
48.382427,-4.4965916,227705102,15,0.1,-127.0,511.0,288.3,1443650622
48.38134,-4.4850717,228051000,0,0.0,-127.0,511.0,282.2,1443650625
48.091152,-4.657232,228131600,15,8.7,-127.0,511.0,261.8,1443650625
48.38366,-4.4954615,227574020,15,0.0,-127.0,511.0,264.8,1443650627
48.118053,-4.36358,228854000,15,8.2,-126.0,274.0,274.8,1443650628
48.156605,-4.43558,228037600,15,9.1,-127.0,511.0,131.0,1443650629
48.20726,-4.4969916,234056000,1,0.1,0.0,50.0,313.3,1443650629
47.97596,-4.7666736,227415000,15,10.9,-127.0,511.0,172.2,1443650629
47.9942,-4.781815,227443000,15,11.2,-127.0,511.0,181.8,1443650631
48.166134,-4.471075,228037700,15,1.0,-127.0,511.0,261.2,1443650632
48.382473,-4.4657516,245257000,0,0.0,0.0,35.0,13.1,1443650632
48.382427,-4.496595,227705102,15,0.1,-127.0,511.0,292.8,1443650633
48.381336,-4.48507,228051000,0,0.0,-127.0,511.0,282.7,1443650634
48.09112,-4.657758,228131600,15,8.4,-127.0,511.0,263.8,1443650635
48.11652,-4.471555,228931000,7,8.9,127.0,79.0,76.8,1443650637
48.368355,-4.5161734,228791000,5,0.0,-127.0,511.0,296.1,1443650638
47.975574,-4.7665715,227415000,15,10.7,-127.0,511.0,170.3,1443650639
48.11807,-4.3641415,228854000,15,7.5,0.0,272.0,272.7,1443650639
48.370834,-4.512665,228186700,5,0.0,0.0,139.0,77.0,1443650639
48.36949,-4.5147915,228064900,5,0.0,0.0,313.0,268.2,1443650640
47.993732,-4.7818317,227443000,15,11.3,-127.0,511.0,180.9,1443650640
48.166126,-4.47114,228037700,15,1.1,-127.0,511.0,263.5,1443650640
48.156315,-4.4350433,228037600,15,9.1,-127.0,511.0,128.2,1443650640
48.38246,-4.465745,245257000,0,0.0,0.0,35.0,13.1,1443650642
48.38287,-4.47944,235013963,0,0.0,0.0,511.0,46.6,1443650644
48.382427,-4.496595,227705102,15,0.1,-127.0,511.0,291.6,1443650644
48.381332,-4.4850717,228051000,0,0.0,-127.0,511.0,284.6,1443650645
48.091072,-4.6583385,228131600,15,8.5,-127.0,511.0,265.6,1443650645
48.38365,-4.49546,227574020,15,0.0,-127.0,511.0,270.2,1443650646
47.975086,-4.76643,227415000,15,10.7,-127.0,511.0,169.3,1443650648
48.118073,-4.364587,228854000,15,7.3,0.0,273.0,271.3,1443650648
48.15605,-4.434555,228037600,15,9.1,-127.0,511.0,128.2,1443650649
47.993217,-4.7818484,227443000,15,11.2,-127.0,511.0,182.8,1443650649
48.16612,-4.4712114,228037700,15,1.1,-127.0,511.0,263.5,1443650650
48.382427,-4.49659,227705102,15,0.1,-127.0,511.0,298.4,1443650652
48.38251,-4.465765,245257000,0,0.0,0.0,35.0,13.1,1443650652
48.38133,-4.4850783,228051000,0,0.0,-127.0,511.0,281.2,1443650655
48.091034,-4.658975,228131600,15,8.1,-127.0,511.0,266.5,1443650656
48.11808,-4.3650265,228854000,15,7.2,0.0,271.0,271.1,1443650657
47.974556,-4.7662783,227415000,15,10.6,-127.0,511.0,169.0,1443650659
48.15579,-4.4340634,228037600,15,9.1,-127.0,511.0,128.3,1443650659
47.9927,-4.781882,227443000,15,11.1,-127.0,511.0,181.8,1443650660
48.166115,-4.471285,228037700,15,1.1,-127.0,511.0,265.6,1443650661
48.38133,-4.48508,228051000,0,0.0,-127.0,511.0,284.1,1443650665
48.090992,-4.6595535,228131600,15,8.6,-127.0,511.0,259.3,1443650666
48.118084,-4.36551,228854000,15,7.1,0.0,270.0,270.1,1443650667
48.38365,-4.49546,227574020,15,0.0,-127.0,511.0,269.6,1443650667
47.974068,-4.76614,227415000,15,10.6,-127.0,511.0,169.8,1443650669
48.38064,-4.485998,227002330,5,0.0,0.0,238.0,350.7,1443650669
47.992184,-4.781915,227443000,15,11.1,-127.0,511.0,183.8,1443650670
48.15554,-4.433562,228037600,15,9.1,-127.0,511.0,126.5,1443650670
48.166115,-4.4713616,228037700,15,1.2,-127.0,511.0,265.9,1443650671
48.382545,-4.4657884,245257000,0,0.0,0.0,36.0,13.1,1443650672
48.382404,-4.496587,227705102,15,0.1,-127.0,511.0,291.1,1443650674
48.38134,-4.4850864,228051000,0,0.0,-127.0,511.0,286.2,1443650675
48.090942,-4.6601367,228131600,15,8.7,-127.0,511.0,262.1,1443650676
47.973625,-4.766035,227415000,15,10.7,-127.0,511.0,170.1,1443650678
48.118076,-4.3660383,228854000,15,7.1,0.0,269.0,269.2,1443650678
48.15533,-4.4330916,228037600,15,9.1,-127.0,511.0,124.6,1443650679
48.116722,-4.4690084,228931000,7,8.8,-126.0,81.0,82.2,1443650679
48.380745,-4.48599,227003050,5,0.0,0.0,237.0,320.1,1443650679
48.166115,-4.4714217,228037700,15,1.1,-127.0,511.0,266.7,1443650681
47.991634,-4.781965,227443000,15,11.2,-127.0,511.0,182.5,1443650681
48.38241,-4.4965835,227705102,15,0.1,-127.0,511.0,292.1,1443650682
48.381332,-4.4850917,228051000,0,0.0,-127.0,511.0,287.1,1443650684
48.38109,-4.485705,228017700,5,0.0,0.0,153.0,317.0,1443650684
48.116764,-4.4687085,228931000,7,8.8,0.0,80.0,79.9,1443650684
48.090904,-4.660713,228131600,15,8.3,-127.0,511.0,262.6,1443650685
48.118065,-4.3664784,228854000,15,7.1,0.0,268.0,268.7,1443650687
48.383656,-4.4954515,227574020,15,0.1,-127.0,511.0,272.0,1443650687
48.11679,-4.46853,228931000,7,8.8,127.0,81.0,78.6,1443650688
48.155094,-4.43259,228037600,15,9.1,-127.0,511.0,124.9,1443650689
47.97304,-4.7658634,227415000,15,10.8,-127.0,511.0,169.0,1443650690
47.991116,-4.781998,227443000,15,11.1,-127.0,511.0,182.6,1443650691
48.116825,-4.4682264,228931000,7,8.8,127.0,83.0,80.1,1443650692
48.166115,-4.471495,228037700,15,1.1,-127.0,511.0,267.0,1443650692
48.38242,-4.496575,227705102,15,0.1,-127.0,511.0,289.6,1443650693
48.38133,-4.485095,228051000,0,0.0,-127.0,511.0,287.0,1443650694
48.090878,-4.661258,228131600,15,8.4,-127.0,511.0,266.8,1443650695
48.09864,-4.326845,228190600,7,0.0,-127.0,511.0,0.0,1443650698
48.11805,-4.3670683,228854000,15,7.1,0.0,269.0,267.5,1443650699
47.972645,-4.7657385,227415000,15,10.8,-127.0,511.0,169.3,1443650699
48.16611,-4.4715567,228037700,15,1.0,-127.0,511.0,266.6,1443650700
48.154823,-4.43203,228037600,15,9.0,-127.0,511.0,125.1,1443650700
48.3825,-4.4657617,245257000,0,0.0,0.0,36.0,13.1,1443650702
48.090805,-4.6618333,228131600,15,8.6,-127.0,511.0,261.4,1443650704
48.38133,-4.4850965,228051000,0,0.0,-127.0,511.0,287.1,1443650706
47.972153,-4.765595,227415000,15,10.7,-127.0,511.0,169.8,1443650708
47.990116,-4.782065,227443000,15,11.4,-127.0,511.0,182.1,1443650709
48.118046,-4.367505,228854000,15,7.1,0.0,270.0,268.5,1443650709
48.166107,-4.471637,228037700,15,1.1,-127.0,511.0,264.6,1443650710
48.15458,-4.431522,228037600,15,9.0,-127.0,511.0,125.9,1443650710
48.38241,-4.4965715,227705102,15,0.1,-127.0,511.0,289.1,1443650712
48.38249,-4.465755,245257000,0,0.0,0.0,36.0,13.1,1443650712
48.339153,-4.4766335,304091000,1,0.0,-2.0,26.0,116.0,1443650715
48.381325,-4.4850965,228051000,0,0.0,-127.0,511.0,287.3,1443650715
48.090725,-4.6624584,228131600,15,8.3,-127.0,511.0,260.3,1443650716
48.154327,-4.4310164,228037600,15,9.1,-127.0,511.0,126.7,1443650719
48.118046,-4.368045,228854000,15,7.1,127.0,273.0,270.1,1443650719
47.9716,-4.765478,227415000,15,10.7,-127.0,511.0,172.0,1443650719
48.1661,-4.471715,228037700,15,1.0,-127.0,511.0,264.4,1443650721
48.38249,-4.465757,245257000,0,0.0,0.0,36.0,13.1,1443650722
48.0002,-4.642645,227318020,15,8.4,-127.0,511.0,144.6,1443650723
48.3824,-4.496568,227705102,15,0.0,-127.0,511.0,289.5,1443650723
48.381325,-4.4850965,228051000,0,0.0,-127.0,511.0,287.7,1443650725
48.09067,-4.66304,228131600,15,8.4,-127.0,511.0,264.7,1443650726
48.11805,-4.368435,228854000,15,7.1,0.0,274.0,271.4,1443650727
48.116985,-4.466037,228931000,7,8.8,-126.0,78.0,80.6,1443650728
47.97116,-4.76537,227415000,15,10.5,-127.0,511.0,170.6,1443650728
48.15406,-4.43052,228037600,15,9.1,-127.0,511.0,129.2,1443650729
48.1661,-4.4717984,228037700,15,1.2,-127.0,511.0,265.2,1443650731
48.382473,-4.4657536,245257000,0,0.1,0.0,36.0,13.1,1443650732
48.382404,-4.49656,227705102,15,0.0,-127.0,511.0,293.3,1443650734
48.381332,-4.485105,228051000,0,0.0,-127.0,511.0,288.2,1443650735
48.09062,-4.6636133,228131600,15,8.4,-127.0,511.0,264.8,1443650736
48.38466,-4.4524035,311018500,5,0.0,1.0,35.0,246.7,1443650737
47.97069,-4.765207,227415000,15,10.4,-127.0,511.0,168.8,1443650738
48.118073,-4.368965,228854000,15,7.1,0.0,276.0,273.1,1443650738
48.153786,-4.430035,228037600,15,9.1,-127.0,511.0,129.7,1443650740
48.166092,-4.4718766,228037700,15,1.2,-127.0,511.0,266.5,1443650741
48.38246,-4.4657536,245257000,0,0.0,0.0,35.0,13.1,1443650742
48.38133,-4.4851084,228051000,0,0.0,-127.0,511.0,288.3,1443650744
48.386093,-4.4591,311153000,5,0.0,0.0,1.0,64.0,1443650745
48.370834,-4.5124984,228186700,5,0.2,0.0,139.0,318.0,1443650745
48.090565,-4.6641884,228131600,15,8.4,-127.0,511.0,259.5,1443650745
48.11809,-4.3694015,228854000,15,7.1,0.0,276.0,274.1,1443650747
48.15354,-4.4296064,228037600,15,9.1,-127.0,511.0,130.7,1443650749
47.970215,-4.7650833,227415000,15,10.5,-127.0,511.0,170.1,1443650749
48.382465,-4.465757,245257000,0,0.0,0.0,35.0,13.1,1443650752
48.166092,-4.4719567,228037700,15,1.1,-127.0,511.0,266.8,1443650752
48.382416,-4.496555,227705102,15,0.0,-127.0,511.0,295.5,1443650753
48.37979,-4.485795,226263000,5,0.1,0.0,134.0,180.6,1443650754
48.370834,-4.5124984,228186700,5,0.0,0.0,139.0,133.0,1443650754
48.381325,-4.48511,228051000,0,0.0,-127.0,511.0,289.4,1443650754
48.090515,-4.6647015,228131600,15,8.7,-127.0,511.0,261.7,1443650754
48.370834,-4.5124984,228186700,5,0.0,0.0,138.0,130.0,1443650756
47.96969,-4.7649283,227415000,15,10.6,-127.0,511.0,169.4,1443650759
48.118122,-4.369995,228854000,15,7.1,0.0,275.0,274.4,1443650759
48.16609,-4.472027,228037700,15,1.1,-127.0,511.0,267.2,1443650760
48.153217,-4.4291034,228037600,15,9.1,-127.0,511.0,133.2,1443650760
48.382473,-4.4657583,245257000,0,0.0,0.0,35.0,13.1,1443650762
48.370834,-4.5124984,228186700,5,0.0,0.0,138.0,71.0,1443650763
48.09048,-4.665293,228131600,15,8.9,-127.0,511.0,262.8,1443650764
48.381325,-4.4851084,228051000,0,0.0,-127.0,511.0,288.1,1443650765
48.383675,-4.4954515,227574020,15,0.0,-127.0,511.0,271.6,1443650766
48.377426,-4.4880333,227369960,0,0.0,0.0,511.0,360.0,1443650768
48.15296,-4.4286833,228037600,15,9.1,-127.0,511.0,132.7,1443650768
48.11814,-4.3704367,228854000,15,7.1,0.0,274.0,273.6,1443650768
48.166084,-4.4721,228037700,15,1.1,-127.0,511.0,267.7,1443650771
47.9869,-4.7822986,227443000,15,11.4,-127.0,511.0,182.4,1443650772
48.38241,-4.49656,227705102,15,0.1,-127.0,511.0,293.2,1443650772
48.38248,-4.4657683,245257000,0,0.0,0.0,36.0,13.1,1443650772
48.370834,-4.5124984,228186700,5,0.0,0.0,138.0,127.0,1443650773
48.381325,-4.485105,228051000,0,0.0,-127.0,511.0,288.9,1443650774
48.09042,-4.665925,228131600,15,8.4,-127.0,511.0,257.5,1443650776
48.15264,-4.4281683,228037600,15,9.1,-127.0,511.0,132.7,1443650779
48.118153,-4.370973,228854000,15,7.1,-126.0,272.0,272.1,1443650779
47.968735,-4.764633,227415000,15,10.6,-127.0,511.0,169.6,1443650779
47.986435,-4.7823315,227443000,15,11.5,-127.0,511.0,182.2,1443650780
48.166065,-4.4721785,228037700,15,1.0,-127.0,511.0,267.1,1443650781
48.382484,-4.4657664,245257000,0,0.1,0.0,36.0,13.1,1443650782
48.370834,-4.5124984,228186700,5,0.0,0.0,139.0,165.0,1443650783
47.998516,-4.64015,227318020,15,8.1,-127.0,511.0,139.5,1443650783
48.3824,-4.496565,227705102,15,0.0,-127.0,511.0,300.5,1443650783
48.381336,-4.4850965,228051000,0,0.0,-127.0,511.0,291.4,1443650785
48.11815,-4.3713665,228854000,15,7.1,0.0,270.0,270.4,1443650787
48.383675,-4.4954534,227574020,15,0.1,-127.0,511.0,281.2,1443650787
48.152348,-4.427705,228037600,15,9.1,-127.0,511.0,132.7,1443650789
48.377205,-4.4892683,211232180,0,0.0,0.0,511.0,0.0,1443650789
47.9859,-4.782365,227443000,15,11.5,-127.0,511.0,183.4,1443650790
48.166054,-4.472265,228037700,15,1.1,-127.0,511.0,266.4,1443650791
48.38249,-4.46576,245257000,0,0.0,0.0,36.0,13.1,1443650792
48.370834,-4.5124984,228186700,5,0.0,0.0,139.0,173.0,1443650794
48.3824,-4.496565,227705102,15,0.0,-127.0,511.0,304.1,1443650794
48.38133,-4.4850535,228051000,0,0.0,-127.0,511.0,297.0,1443650795
48.090347,-4.6670933,228131600,15,8.4,-127.0,511.0,264.2,1443650796
47.967846,-4.76438,227415000,15,10.3,-127.0,511.0,168.6,1443650798
48.11814,-4.371905,228854000,15,7.1,0.0,268.0,268.9,1443650798
48.152054,-4.427242,228037600,15,9.1,-127.0,511.0,132.8,1443650800
47.985317,-4.782415,227443000,15,11.5,-127.0,511.0,183.4,1443650801
48.16606,-4.472338,228037700,15,1.2,-127.0,511.0,266.5,1443650801
48.3824,-4.496565,227705102,15,0.1,-127.0,511.0,297.7,1443650802
48.370834,-4.5124984,228186700,5,0.0,0.0,139.0,136.0,1443650803
48.38133,-4.4850483,228051000,0,0.0,-127.0,511.0,297.3,1443650804
48.090313,-4.6676764,228131600,15,8.4,-127.0,511.0,261.9,1443650805
48.383663,-4.4954667,227574020,15,0.1,-127.0,511.0,288.2,1443650807
48.11812,-4.372347,228854000,15,7.1,0.0,267.0,267.2,1443650807
48.207287,-4.497102,234056000,1,0.1,0.0,53.0,291.8,1443650809
48.151768,-4.42678,228037600,15,9.1,-127.0,511.0,133.1,1443650810
47.9848,-4.782465,227443000,15,11.3,-127.0,511.0,182.8,1443650810
48.16606,-4.472397,228037700,15,1.1,-127.0,511.0,266.6,1443650810
48.382404,-4.496568,227705102,15,0.0,-127.0,511.0,294.6,1443650813
48.382465,-4.465747,245257000,0,0.0,0.0,35.0,13.1,1443650813
48.090275,-4.6682067,228131600,15,8.6,-127.0,511.0,264.9,1443650814
48.381325,-4.485047,228051000,0,0.0,-127.0,511.0,295.5,1443650814
48.370834,-4.5124984,228186700,5,0.0,0.0,138.0,5.0,1443650814
48.117496,-4.460675,228931000,7,8.9,-126.0,83.0,83.7,1443650818
48.1181,-4.3729315,228854000,15,7.1,0.0,270.0,267.5,1443650819
47.966835,-4.7641115,227415000,15,10.3,-127.0,511.0,169.0,1443650819
48.166054,-4.4724717,228037700,15,1.1,-127.0,511.0,268.1,1443650820
47.984333,-4.7824984,227443000,15,11.3,-127.0,511.0,183.6,1443650820
48.369488,-4.51477,228064900,5,0.0,0.0,313.0,268.2,1443650821
48.382454,-4.4657435,245257000,0,0.0,0.0,35.0,13.1,1443650822
48.382866,-4.47944,235013963,0,0.0,0.0,511.0,46.6,1443650824
48.370834,-4.5124984,228186700,5,0.0,0.0,138.0,338.0,1443650824
48.38132,-4.485055,228051000,0,0.0,-127.0,511.0,295.3,1443650825
48.090218,-4.6687784,228131600,15,8.3,-127.0,511.0,266.4,1443650825
48.38366,-4.4954715,227574020,15,0.1,-127.0,511.0,284.5,1443650826
48.11809,-4.3733683,228854000,15,7.0,127.0,272.0,268.9,1443650828
48.151226,-4.42589,228037600,15,9.1,-127.0,511.0,130.6,1443650828
48.166054,-4.472545,228037700,15,1.0,-127.0,511.0,268.5,1443650831
48.38242,-4.4965734,227705102,15,0.1,-127.0,511.0,307.7,1443650832
47.98375,-4.7825484,227443000,15,11.4,-127.0,511.0,185.2,1443650832
48.370834,-4.5124984,228186700,5,0.0,0.0,138.0,56.0,1443650833
48.382446,-4.4657435,245257000,0,0.0,0.0,35.0,13.1,1443650833
48.381306,-4.48506,228051000,0,0.0,-127.0,511.0,295.0,1443650834
48.09018,-4.66943,228131600,15,8.3,-127.0,511.0,267.8,1443650836
48.09865,-4.3268385,228190600,7,0.0,-127.0,511.0,0.0,1443650837
48.121414,-4.405462,228157000,0,9.2,-127.0,511.0,82.4,1443650838
48.11766,-4.45941,228931000,7,8.8,127.0,80.0,78.7,1443650838
48.118107,-4.373905,228854000,15,7.0,127.0,276.0,271.6,1443650839
47.965897,-4.763835,227415000,15,10.4,-127.0,511.0,170.5,1443650839
48.150974,-4.4253116,228037600,15,9.0,-127.0,511.0,122.6,1443650839
47.983284,-4.782615,227443000,15,11.3,-127.0,511.0,185.7,1443650840
48.16605,-4.4726334,228037700,15,1.1,-127.0,511.0,267.9,1443650841
48.382446,-4.465745,245257000,0,0.0,0.0,35.0,13.1,1443650842
48.370834,-4.5124984,228186700,5,0.0,0.0,139.0,173.0,1443650843
48.3813,-4.4850717,228051000,0,0.0,-127.0,511.0,295.8,1443650845
48.090145,-4.670015,228131600,15,8.8,-127.0,511.0,265.9,1443650846
48.118122,-4.3742967,228854000,15,7.1,0.0,276.0,273.4,1443650847
48.38062,-4.486058,227002330,5,0.0,0.0,242.0,248.8,1443650848
47.965473,-4.7637115,227415000,15,10.4,-127.0,511.0,169.9,1443650848
47.982765,-4.782698,227443000,15,11.3,-127.0,511.0,182.7,1443650850
48.15086,-4.4247184,228037600,15,8.8,-127.0,511.0,105.6,1443650850
48.166046,-4.4726915,228037700,15,1.1,-127.0,511.0,265.1,1443650851
48.382446,-4.465745,245257000,0,0.0,0.0,36.0,13.1,1443650852
48.370834,-4.5124984,228186700,5,0.0,0.0,139.0,18.0,1443650853
48.090103,-4.6705933,228131600,15,8.5,-127.0,511.0,262.5,1443650855
48.381294,-4.485077,228051000,0,0.0,-127.0,511.0,295.1,1443650855
48.118153,-4.374833,228854000,15,7.1,0.0,276.0,274.1,1443650858
48.380726,-4.485995,227003050,5,0.0,0.0,241.0,340.0,1443650859
48.150883,-4.4241133,228037600,15,8.9,-127.0,511.0,89.0,1443650860
48.166046,-4.4727736,228037700,15,1.2,-127.0,511.0,264.8,1443650862
48.381092,-4.485715,228017700,5,0.0,0.0,150.0,317.0,1443650862
48.370834,-4.512665,228186700,5,0.0,0.0,139.0,236.0,1443650863
48.3813,-4.4850783,228051000,0,0.0,-127.0,511.0,295.5,1443650864
48.382446,-4.4657435,245257000,0,0.0,0.0,36.0,13.1,1443650864
48.09005,-4.67118,228131600,15,8.2,-127.0,511.0,260.5,1443650865
48.383675,-4.4954567,227574020,15,0.1,-127.0,511.0,289.7,1443650867
47.964535,-4.763448,227415000,15,10.5,-127.0,511.0,168.6,1443650868
48.15091,-4.423505,228037600,15,8.9,-127.0,511.0,87.5,1443650870
48.16604,-4.47284,228037700,15,1.1,-127.0,511.0,263.3,1443650870
48.382446,-4.46574,245257000,0,0.0,0.0,36.0,13.1,1443650873
48.090004,-4.6717114,228131600,15,8.6,-127.0,511.0,263.6,1443650874
48.381317,-4.485075,228051000,0,0.0,-127.0,511.0,296.2,1443650874
48.370834,-4.512665,228186700,5,0.0,0.0,139.0,222.0,1443650874
48.09865,-4.3268485,228190600,7,0.0,-127.0,511.0,0.0,1443650877
48.118195,-4.375857,228854000,15,7.1,-126.0,272.0,272.8,1443650879
48.166035,-4.472915,228037700,15,1.1,-127.0,511.0,263.9,1443650880
48.38245,-4.46574,245257000,0,0.0,0.0,36.0,13.1,1443650881
48.382412,-4.4965734,227705102,15,0.1,-127.0,511.0,289.8,1443650882
48.370834,-4.512665,228186700,5,0.0,0.0,139.0,77.0,1443650884
48.089954,-4.672362,228131600,15,8.4,-127.0,511.0,269.7,1443650885
48.381325,-4.485077,228051000,0,0.0,-127.0,511.0,294.1,1443650885
48.1182,-4.3762965,228854000,15,7.1,-126.0,270.0,271.2,1443650888
48.15093,-4.4223285,228037600,15,9.0,-127.0,511.0,86.7,1443650889
48.166027,-4.47298,228037700,15,1.1,-127.0,511.0,263.4,1443650890
47.980682,-4.7828984,227443000,15,11.0,-127.0,511.0,184.2,1443650891
48.38242,-4.49658,227705102,15,0.0,-127.0,511.0,288.3,1443650892
48.117893,-4.4560585,228931000,7,8.9,-126.0,80.0,83.4,1443650893
48.381325,-4.485085,228051000,0,0.0,-127.0,511.0,293.6,1443650893
48.370834,-4.512665,228186700,5,0.0,0.0,139.0,5.0,1443650893
48.382454,-4.4657383,245257000,0,0.0,0.0,36.0,13.1,1443650893
48.117893,-4.4560585,228931000,7,8.9,-126.0,80.0,83.4,1443650893
48.11791,-4.4559364,228931000,7,8.9,-126.0,79.0,82.0,1443650895
48.339153,-4.4766383,304091000,1,0.1,4.0,26.0,116.0,1443650895
48.089928,-4.6729383,228131600,15,8.1,-127.0,511.0,266.0,1443650896
48.117935,-4.4557533,228931000,7,8.9,0.0,80.0,80.3,1443650898
48.118187,-4.376845,228854000,15,7.1,-126.0,267.0,268.5,1443650899
47.980232,-4.7829485,227443000,15,11.1,-127.0,511.0,184.7,1443650900
48.166023,-4.473058,228037700,15,1.1,-127.0,511.0,262.4,1443650901
48.11796,-4.4555717,228931000,7,8.9,127.0,82.0,79.1,1443650901
48.38246,-4.465737,245257000,0,0.0,0.0,36.0,13.1,1443650902
48.370834,-4.512665,228186700,5,0.0,0.0,139.0,335.0,1443650903
48.381325,-4.48509,228051000,0,0.0,-127.0,511.0,293.8,1443650905
48.089897,-4.673515,228131600,15,8.6,-127.0,511.0,259.7,1443650906
48.11817,-4.377235,228854000,15,7.1,0.0,268.0,266.7,1443650907
48.383667,-4.495455,227574020,15,0.0,-127.0,511.0,288.2,1443650907
48.15106,-4.421035,228037600,15,8.9,-127.0,511.0,80.2,1443650910
47.979717,-4.7829986,227443000,15,11.1,-127.0,511.0,181.6,1443650910
48.166008,-4.473125,228037700,15,1.0,-127.0,511.0,260.6,1443650911
48.38247,-4.4657416,245257000,0,0.0,0.0,36.0,13.1,1443650913
48.370834,-4.512665,228186700,5,0.0,0.0,139.0,210.0,1443650913
48.382427,-4.496585,227705102,15,0.0,-127.0,511.0,283.4,1443650914
48.08985,-4.674035,228131600,15,8.1,-127.0,511.0,263.4,1443650914
48.384647,-4.45238,311018500,5,0.0,2.0,35.0,246.7,1443650915
48.381313,-4.4850984,228051000,0,0.0,-127.0,511.0,294.4,1443650915
48.098648,-4.3268332,228190600,7,0.0,-127.0,511.0,0.0,1443650916
47.96216,-4.762825,227415000,15,10.3,-127.0,511.0,167.8,1443650918
48.11804,-4.4544683,228931000,7,9.0,-126.0,81.0,83.2,1443650919
48.118153,-4.377818,228854000,15,7.1,0.0,269.0,267.5,1443650919
48.151146,-4.420425,228037600,15,9.0,-127.0,511.0,78.3,1443650920
48.16599,-4.473203,228037700,15,1.2,-127.0,511.0,260.8,1443650921
48.382427,-4.496588,227705102,15,0.1,-127.0,511.0,286.5,1443650922
48.38248,-4.4657536,245257000,0,0.0,0.0,36.0,13.1,1443650923
48.370834,-4.512665,228186700,5,0.0,0.0,139.0,231.0,1443650923
48.381313,-4.4851017,228051000,0,0.0,-127.0,511.0,294.9,1443650924
48.089813,-4.6746817,228131600,15,8.4,-127.0,511.0,266.8,1443650925
48.118145,-4.3782067,228854000,15,7.1,127.0,271.0,268.6,1443650927
48.11811,-4.4539266,228931000,7,8.9,0.0,78.0,78.9,1443650929
47.978683,-4.7830815,227443000,15,11.1,-127.0,511.0,184.3,1443650930
48.09059,-4.65736,227123700,5,8.2,-127.0,511.0,261.1,1443650930
48.16598,-4.4732685,228037700,15,1.2,-127.0,511.0,261.4,1443650930
48.382492,-4.4657636,245257000,0,0.0,0.0,36.0,13.1,1443650933
48.370834,-4.512665,228186700,5,0.0,0.0,139.0,221.0,1443650934
48.38132,-4.485115,228051000,0,0.0,-127.0,511.0,295.8,1443650934
48.37982,-4.4857817,226263000,5,0.0,0.0,134.0,180.6,1443650934
48.089787,-4.6751986,228131600,15,8.7,-127.0,511.0,265.1,1443650935
48.11819,-4.453387,228931000,7,8.9,127.0,80.0,77.9,1443650937
48.09865,-4.3268366,228190600,7,0.0,-127.0,511.0,0.0,1443650937
47.961174,-4.7624965,227415000,15,10.3,-127.0,511.0,168.5,1443650939
48.118145,-4.378792,228854000,15,7.0,0.0,274.0,270.6,1443650939
47.97817,-4.7831316,227443000,15,11.1,-127.0,511.0,184.1,1443650940
48.165966,-4.4733534,228037700,15,1.2,-127.0,511.0,260.3,1443650940
48.3825,-4.4657664,245257000,0,0.0,0.0,36.0,13.1,1443650941
48.382423,-4.496595,227705102,15,0.1,-127.0,511.0,285.2,1443650942
48.370834,-4.512665,228186700,5,0.0,0.0,139.0,354.0,1443650943
48.089745,-4.6758432,228131600,15,8.6,-127.0,511.0,258.3,1443650945
48.381325,-4.485093,228051000,0,0.0,-127.0,511.0,296.1,1443650945
48.118168,-4.37923,228854000,15,7.1,0.0,276.0,272.6,1443650948
48.165955,-4.47344,228037700,15,1.1,-127.0,511.0,259.0,1443650950
47.9776,-4.7831817,227443000,15,11.2,-127.0,511.0,185.5,1443650951
48.382412,-4.4965982,227705102,15,0.0,-127.0,511.0,281.0,1443650952
48.38133,-4.485083,228051000,0,0.0,-127.0,511.0,296.5,1443650953
48.370834,-4.512665,228186700,5,0.0,0.0,139.0,327.0,1443650953
48.382507,-4.46577,245257000,0,0.0,0.0,36.0,13.1,1443650953
48.089695,-4.6764283,228131600,15,8.9,-127.0,511.0,262.7,1443650956
48.118195,-4.3797717,228854000,15,7.1,0.0,276.0,273.9,1443650958
48.151455,-4.41798,228037600,15,9.0,-127.0,511.0,79.3,1443650959
47.977135,-4.7832317,227443000,15,11.2,-127.0,511.0,183.3,1443650960
48.165947,-4.4735117,228037700,15,1.1,-127.0,511.0,258.9,1443650961
48.382507,-4.4657664,245257000,0,0.0,0.0,36.0,13.1,1443650962
48.370834,-4.512665,228186700,5,0.0,0.0,139.0,343.0,1443650963
48.38241,-4.496595,227705102,15,0.0,-127.0,511.0,285.3,1443650964
48.38133,-4.4850864,228051000,0,0.0,-127.0,511.0,298.1,1443650965
48.089664,-4.67702,228131600,15,8.2,-127.0,511.0,261.9,1443650966
48.118214,-4.380163,228854000,15,7.1,0.0,273.0,273.7,1443650967
48.38365,-4.49545,227574020,15,0.0,-127.0,511.0,291.0,1443650967
48.377186,-4.4892836,211232180,0,0.0,0.0,511.0,0.0,1443650969
48.165943,-4.473565,228037700,15,1.0,-127.0,511.0,261.0,1443650971
47.97658,-4.7832985,227443000,15,11.1,-127.0,511.0,184.9,1443650971
48.370834,-4.512665,228186700,5,0.0,0.0,139.0,52.0,1443650973
48.382507,-4.46576,245257000,0,0.0,0.0,36.0,13.1,1443650973
48.089622,-4.6775484,228131600,15,8.2,-127.0,511.0,260.7,1443650974
48.38133,-4.4850917,228051000,0,0.0,-127.0,511.0,294.9,1443650974
48.38244,-4.4965734,227705102,15,0.0,-127.0,511.0,285.8,1443650974
48.118233,-4.3807483,228854000,15,7.1,0.0,273.0,272.1,1443650979
48.16594,-4.4736233,228037700,15,1.1,-127.0,511.0,261.4,1443650981
48.382496,-4.4657617,245257000,0,0.0,0.0,36.0,13.1,1443650983
48.382454,-4.49657,227705102,15,0.0,-127.0,511.0,286.9,1443650983
48.38133,-4.4851,228051000,0,0.0,-127.0,511.0,293.6,1443650984
48.08956,-4.6781282,228131600,15,8.4,-127.0,511.0,263.5,1443650984
48.383648,-4.4954567,227574020,15,0.0,-127.0,511.0,286.0,1443650986
48.118427,-4.450333,228931000,7,8.9,-126.0,79.0,84.2,1443650987
48.20726,-4.4970264,234056000,1,0.1,0.0,60.0,271.7,1443650988
48.118233,-4.381137,228854000,15,7.1,0.0,271.0,271.0,1443650988
48.118435,-4.4502735,228931000,7,8.9,-126.0,78.0,83.0,1443650989
47.975616,-4.783448,227443000,15,10.8,-127.0,511.0,185.5,1443650989
48.15167,-4.416135,228037600,15,9.0,-127.0,511.0,79.2,1443650989
48.16593,-4.4736814,228037700,15,1.1,-127.0,511.0,262.2,1443650990
48.11846,-4.450092,228931000,7,8.9,0.0,79.0,80.0,1443650992
48.382454,-4.49657,227705102,15,0.0,-127.0,511.0,283.7,1443650993
48.38249,-4.4657664,245257000,0,0.0,0.0,36.0,13.1,1443650993
48.381332,-4.4851,228051000,0,0.0,-127.0,511.0,293.8,1443650994
48.089527,-4.678735,228131600,15,8.7,-127.0,511.0,265.4,1443650995
48.36835,-4.516198,228791000,5,0.0,-127.0,511.0,0.0,1443650998
48.098648,-4.3268332,228190600,7,0.0,-127.0,511.0,0.0,1443650998
48.151733,-4.4155865,228037600,15,8.9,-127.0,511.0,80.7,1443650998
47.95841,-4.7617683,227415000,15,10.0,-127.0,511.0,168.5,1443650999
48.118225,-4.3817334,228854000,15,7.1,-126.0,268.0,268.9,1443650999
48.165928,-4.47376,228037700,15,1.2,-127.0,511.0,263.8,1443651000
48.369507,-4.514732,228064900,5,0.0,0.0,313.0,268.2,1443651002
48.382454,-4.496565,227705102,15,0.1,-127.0,511.0,275.8,1443651002
48.382866,-4.4794383,235013963,0,0.0,0.0,511.0,46.6,1443651004
48.11856,-4.44925,228931000,7,8.9,-126.0,79.0,80.4,1443651005
48.0895,-4.6793866,228131600,15,8.9,-127.0,511.0,267.2,1443651005
48.38132,-4.4850783,228051000,0,0.0,-127.0,511.0,293.8,1443651005
48.383633,-4.4954534,227574020,15,0.1,-127.0,511.0,290.4,1443651008
48.151806,-4.41497,228037600,15,9.0,-127.0,511.0,80.1,1443651008
48.1182,-4.382223,228854000,15,7.1,0.0,267.0,267.0,1443651009
48.16592,-4.473837,228037700,15,1.1,-127.0,511.0,265.8,1443651010
48.38248,-4.465773,245257000,0,0.0,0.0,36.0,13.1,1443651013
48.38245,-4.496567,227705102,15,0.1,-127.0,511.0,282.8,1443651013
48.089462,-4.679915,228131600,15,8.8,-127.0,511.0,260.5,1443651015
48.381325,-4.485083,228051000,0,0.0,-127.0,511.0,294.6,1443651015
48.11818,-4.3827133,228854000,15,7.1,0.0,269.0,266.8,1443651018
48.15188,-4.414295,228037600,15,9.0,-127.0,511.0,81.1,1443651019
47.974133,-4.7835984,227443000,15,10.9,-127.0,511.0,183.9,1443651020
48.16593,-4.4739165,228037700,15,1.0,-127.0,511.0,268.7,1443651021
48.38246,-4.465757,245257000,0,0.0,0.0,36.0,13.1,1443651022
48.382446,-4.4965615,227705102,15,0.1,-127.0,511.0,287.5,1443651024
48.089428,-4.680575,228131600,15,9.0,-127.0,511.0,262.5,1443651025
48.381336,-4.485093,228051000,0,0.0,-127.0,511.0,297.6,1443651025
48.11817,-4.3831,228854000,15,7.1,127.0,272.0,268.1,1443651027
48.383625,-4.4954567,227574020,15,0.0,-127.0,511.0,286.4,1443651028
48.380634,-4.4859815,227002330,5,0.0,0.0,239.0,116.6,1443651029
48.16593,-4.47399,228037700,15,1.2,-127.0,511.0,269.9,1443651030
48.15195,-4.4136834,228037600,15,9.0,-127.0,511.0,80.1,1443651030
47.973583,-4.7836485,227443000,15,10.9,-127.0,511.0,183.3,1443651031
48.382435,-4.496558,227705102,15,0.1,-127.0,511.0,284.1,1443651033
48.382454,-4.465747,245257000,0,0.0,0.0,35.0,13.1,1443651033
48.089394,-4.681115,228131600,15,8.9,-127.0,511.0,267.9,1443651034
48.381336,-4.485095,228051000,0,0.0,-127.0,511.0,297.3,1443651034
48.38072,-4.485935,227003050,5,0.0,0.0,237.0,99.6,1443651038
47.9566,-4.7612815,227415000,15,10.1,-127.0,511.0,167.8,1443651038
48.11818,-4.3838015,228854000,15,8.7,0.0,273.0,271.4,1443651038
48.152027,-4.413075,228037600,15,9.0,-127.0,511.0,78.9,1443651040
48.122345,-4.3926983,228157000,0,9.2,-127.0,511.0,86.1,1443651040
47.973083,-4.783682,227443000,15,11.0,-127.0,511.0,182.3,1443651041
48.165928,-4.4740915,228037700,15,1.1,-127.0,511.0,271.6,1443651041
48.38108,-4.485707,228017700,5,0.0,0.0,151.0,317.0,1443651042
48.382454,-4.46574,245257000,0,0.0,0.0,36.0,13.1,1443651043
48.382435,-4.4965568,227705102,15,0.1,-127.0,511.0,287.1,1443651043
48.381332,-4.48509,228051000,0,0.0,-127.0,511.0,296.7,1443651044
48.089363,-4.68171,228131600,15,8.8,-127.0,511.0,267.6,1443651044
48.38362,-4.4954634,227574020,15,0.1,-127.0,511.0,285.3,1443651046
48.152092,-4.4124565,228037600,15,9.0,-127.0,511.0,79.6,1443651049
47.97262,-4.783715,227443000,15,11.0,-127.0,511.0,183.1,1443651049
48.165928,-4.474167,228037700,15,1.1,-127.0,511.0,273.0,1443651051
48.382423,-4.4965615,227705102,15,0.0,-127.0,511.0,295.3,1443651053
48.382454,-4.46574,245257000,0,0.0,0.0,36.0,13.1,1443651053
48.381332,-4.48509,228051000,0,0.0,-127.0,511.0,296.0,1443651054
48.08932,-4.682308,228131600,15,8.8,-127.0,511.0,269.7,1443651055
48.098648,-4.32683,228190600,7,0.0,-127.0,511.0,0.0,1443651057
48.118225,-4.3851786,228854000,15,10.0,-126.0,274.0,274.1,1443651059
48.152172,-4.411845,228037600,15,9.0,-127.0,511.0,79.0,1443651060
48.16593,-4.4742484,228037700,15,1.2,-127.0,511.0,273.8,1443651060
48.382412,-4.4965568,227705102,15,0.0,-127.0,511.0,297.5,1443651062
48.382458,-4.4657383,245257000,0,0.0,0.0,36.0,13.1,1443651062
48.381332,-4.485093,228051000,0,0.0,-127.0,511.0,296.1,1443651065
48.08926,-4.6829534,228131600,15,8.7,-127.0,511.0,259.0,1443651065
48.38362,-4.495475,227574020,15,0.1,-127.0,511.0,275.5,1443651067
48.11824,-4.385885,228854000,15,10.2,0.0,272.0,271.5,1443651069
48.16592,-4.474335,228037700,15,1.1,-127.0,511.0,272.7,1443651071
48.38246,-4.4657335,245257000,0,0.0,0.0,36.0,13.1,1443651073
48.38241,-4.4965615,227705102,15,0.0,-127.0,511.0,293.7,1443651073
48.08921,-4.683483,228131600,15,8.8,-127.0,511.0,262.9,1443651075
48.38133,-4.4851017,228051000,0,0.0,-127.0,511.0,295.8,1443651075
48.339172,-4.47659,304091000,1,0.0,2.0,25.0,116.0,1443651076
48.118248,-4.3866014,228854000,15,10.3,0.0,273.0,271.2,1443651079
48.16592,-4.474408,228037700,15,1.1,-127.0,511.0,269.9,1443651080
48.38246,-4.4657316,245257000,0,0.0,0.0,36.0,13.1,1443651082
48.38241,-4.49657,227705102,15,0.0,-127.0,511.0,296.6,1443651084
48.381325,-4.4851084,228051000,0,0.0,-127.0,511.0,294.4,1443651084
48.089165,-4.684137,228131600,15,8.8,-127.0,511.0,263.7,1443651085
48.11825,-4.387173,228854000,15,10.3,0.0,274.0,271.2,1443651088
48.152374,-4.410022,228037600,15,9.1,-127.0,511.0,80.8,1443651090
48.165928,-4.47448,228037700,15,1.0,-127.0,511.0,267.5,1443651091
48.384632,-4.45242,311018500,5,0.0,1.0,35.0,246.7,1443651093
48.38241,-4.496577,227705102,15,0.1,-127.0,511.0,290.9,1443651093
48.382504,-4.465755,245257000,0,0.0,-126.0,35.0,13.1,1443651093
48.08912,-4.6846733,228131600,15,8.9,-127.0,511.0,266.1,1443651094
48.381325,-4.48511,228051000,0,0.0,-127.0,511.0,295.7,1443651094
48.09865,-4.326832,228190600,7,0.0,-127.0,511.0,0.0,1443651096
48.119072,-4.4436717,228931000,7,8.8,-126.0,79.0,82.0,1443651097
48.11827,-4.387962,228854000,15,10.3,-126.0,272.0,272.0,1443651098
47.953854,-4.7605066,227415000,15,10.0,-127.0,511.0,168.2,1443651099
48.152477,-4.4094214,228037600,15,8.9,-127.0,511.0,75.2,1443651100
48.165905,-4.4745584,228037700,15,1.1,-127.0,511.0,267.6,1443651102
48.370834,-4.512665,228186700,5,0.0,0.0,139.0,301.0,1443651104
48.381332,-4.48511,228051000,0,0.0,-127.0,511.0,296.0,1443651104
48.386013,-4.4591084,311153000,5,0.0,0.0,1.0,64.0,1443651105
48.089096,-4.6852717,228131600,15,8.5,-127.0,511.0,265.3,1443651105
48.118263,-4.3887534,228854000,15,10.4,0.0,269.0,269.3,1443651109
48.152706,-4.408903,228037600,15,9.0,-127.0,511.0,58.5,1443651110
48.16591,-4.4746265,228037700,15,1.0,-127.0,511.0,268.4,1443651111
48.38249,-4.4657316,245257000,0,0.0,0.0,35.0,13.1,1443651112
48.37982,-4.4857883,226263000,5,0.1,0.0,134.0,180.6,1443651114
48.381332,-4.4851065,228051000,0,0.0,-127.0,511.0,296.5,1443651114
48.382412,-4.4965916,227705102,15,0.1,-127.0,511.0,290.9,1443651114
48.089054,-4.685867,228131600,15,8.6,-127.0,511.0,261.7,1443651115
48.11824,-4.389467,228854000,15,10.3,0.0,267.0,267.2,1443651119
48.165905,-4.47472,228037700,15,1.0,-127.0,511.0,270.8,1443651120
48.382492,-4.4657283,245257000,0,0.0,0.0,36.0,13.1,1443651123
48.08901,-4.686517,228131600,15,8.6,-127.0,511.0,262.2,1443651125
48.381344,-4.485105,228051000,0,0.0,-127.0,511.0,298.0,1443651125
48.37739,-4.488045,227369960,0,0.0,0.0,511.0,360.0,1443651129
48.11822,-4.390177,228854000,15,10.3,0.0,270.0,267.9,1443651129
47.968567,-4.784148,227443000,15,10.7,-127.0,511.0,182.9,1443651131
48.165886,-4.47482,228037700,15,1.3,-127.0,511.0,267.8,1443651132
48.382496,-4.465727,245257000,0,0.0,0.0,36.0,13.1,1443651133
48.382427,-4.4965916,227705102,15,0.1,-127.0,511.0,290.2,1443651133
48.088955,-4.687043,228131600,15,8.2,-127.0,511.0,256.6,1443651135
48.381344,-4.485103,228051000,0,0.0,-127.0,511.0,298.7,1443651135
48.118214,-4.390885,228854000,15,10.3,127.0,272.0,269.3,1443651139
48.153675,-4.407747,228037600,15,9.1,-127.0,511.0,33.4,1443651139
48.16588,-4.4748917,228037700,15,1.2,-127.0,511.0,266.8,1443651140
48.382446,-4.49658,227705102,15,0.2,-127.0,511.0,268.1,1443651144
48.38134,-4.4850965,228051000,0,0.0,-127.0,511.0,298.2,1443651144
48.088894,-4.6876764,228131600,15,8.6,-127.0,511.0,260.1,1443651145
48.11822,-4.3914485,228854000,15,10.2,0.0,274.0,270.4,1443651147
48.3772,-4.4892783,211232180,0,0.0,0.0,511.0,0.0,1443651149
48.165882,-4.4749517,228037700,15,1.0,-127.0,511.0,266.3,1443651151
48.38245,-4.496585,227705102,15,0.1,-127.0,511.0,257.2,1443651153
48.382515,-4.4657135,245257000,0,0.0,0.0,35.0,13.1,1443651153
48.088837,-4.6882033,228131600,15,8.4,-127.0,511.0,261.8,1443651155
48.381336,-4.485093,228051000,0,0.0,-127.0,511.0,296.8,1443651155
48.118248,-4.3923016,228854000,15,10.3,-126.0,272.0,272.4,1443651159
47.951157,-4.759815,227415000,15,9.9,-127.0,511.0,169.8,1443651160
48.15447,-4.4075685,228037600,15,8.9,-127.0,511.0,352.5,1443651160
48.382515,-4.4657116,245257000,0,0.0,0.0,35.0,13.1,1443651161
48.165886,-4.475035,228037700,15,1.1,-127.0,511.0,266.1,1443651162
48.382442,-4.4965816,227705102,15,0.1,-127.0,511.0,264.1,1443651163
48.38134,-4.4850965,228051000,0,0.0,-127.0,511.0,296.3,1443651164
48.088787,-4.688793,228131600,15,8.2,-127.0,511.0,265.3,1443651165
48.207314,-4.4970384,234056000,1,0.1,0.0,60.0,265.6,1443651168
48.118248,-4.393017,228854000,15,10.3,127.0,272.0,270.1,1443651169
48.154827,-4.407912,228037600,15,9.2,-127.0,511.0,329.2,1443651170
48.165886,-4.4751067,228037700,15,1.2,-127.0,511.0,264.1,1443651171
48.38244,-4.496578,227705102,15,0.1,-127.0,511.0,262.4,1443651172
48.382507,-4.465707,245257000,0,0.0,0.0,36.0,13.1,1443651172
48.381344,-4.4851,228051000,0,0.0,-127.0,511.0,296.7,1443651174
48.088757,-4.68938,228131600,15,8.4,-127.0,511.0,268.5,1443651175
48.09864,-4.326842,228190600,7,0.0,-127.0,511.0,0.0,1443651177
48.368336,-4.51618,228791000,5,0.0,-127.0,511.0,0.0,1443651178
48.118256,-4.393725,228854000,15,10.3,0.0,273.0,271.4,1443651179
48.165882,-4.47518,228037700,15,1.2,-127.0,511.0,263.7,1443651180
48.36957,-4.51478,228064900,5,0.0,0.0,312.0,268.2,1443651181
48.279137,-4.5895967,227088590,0,0.0,0.0,511.0,238.5,1443651181
48.382423,-4.496585,227705102,15,0.0,-127.0,511.0,263.9,1443651182
48.382515,-4.4657116,245257000,0,0.0,0.0,36.0,13.1,1443651184
48.382866,-4.479437,235013963,0,0.0,0.0,511.0,46.6,1443651185
48.38135,-4.48511,228051000,0,0.0,-127.0,511.0,296.2,1443651185
48.088715,-4.6900234,228131600,15,8.4,-127.0,511.0,264.5,1443651185
48.16588,-4.475265,228037700,15,1.1,-127.0,511.0,262.4,1443651191
48.38251,-4.4657135,245257000,0,0.0,0.0,36.0,13.1,1443651192
48.382427,-4.496575,227705102,15,0.1,-127.0,511.0,261.7,1443651193
48.088676,-4.6905417,228131600,15,8.7,-127.0,511.0,264.4,1443651195
48.38135,-4.485125,228051000,0,0.0,-127.0,511.0,296.6,1443651195
48.09864,-4.326845,228190600,7,0.0,-127.0,511.0,0.0,1443651196
48.118305,-4.395137,228854000,15,10.3,-126.0,271.0,274.2,1443651198
48.16587,-4.4753284,228037700,15,1.1,-127.0,511.0,262.9,1443651201
48.38242,-4.4965715,227705102,15,0.1,-127.0,511.0,264.2,1443651202
48.38136,-4.4851165,228051000,0,0.0,-127.0,511.0,298.6,1443651204
48.088634,-4.691185,228131600,15,8.7,-127.0,511.0,262.3,1443651205
48.118305,-4.3956985,228854000,15,10.3,127.0,273.0,271.0,1443651207
48.38064,-4.4860067,227002330,5,0.1,0.0,241.0,326.8,1443651209
48.16585,-4.475395,228037700,15,1.2,-127.0,511.0,260.6,1443651211
48.382492,-4.46573,245257000,0,0.0,0.0,36.0,13.1,1443651213
48.38241,-4.496565,227705102,15,0.1,-127.0,511.0,269.4,1443651214
48.38135,-4.48511,228051000,0,0.0,-127.0,511.0,299.1,1443651215
48.088566,-4.691705,228131600,15,8.6,-127.0,511.0,260.5,1443651215
48.3807,-4.4859715,227003050,5,0.0,0.0,240.0,303.0,1443651219
47.94847,-4.75905,227415000,15,9.8,-127.0,511.0,170.2,1443651219
48.118324,-4.3965583,228854000,15,10.4,-126.0,270.0,271.3,1443651219
48.154613,-4.4107165,228037600,15,9.0,-127.0,511.0,243.4,1443651220
48.382492,-4.465737,245257000,0,0.0,0.0,36.0,13.1,1443651221
48.165855,-4.4754915,228037700,15,1.1,-127.0,511.0,262.3,1443651221
48.38241,-4.496558,227705102,15,0.0,-127.0,511.0,273.6,1443651223
48.0885,-4.6922917,228131600,15,8.7,-127.0,511.0,258.8,1443651224
48.38134,-4.4851065,228051000,0,0.0,-127.0,511.0,299.8,1443651224
48.118317,-4.397277,228854000,15,10.3,-126.0,269.0,269.4,1443651229
48.154274,-4.4111066,228037600,15,8.8,-127.0,511.0,217.1,1443651230
48.16585,-4.4755635,228037700,15,1.2,-127.0,511.0,261.8,1443651231
48.382404,-4.4965515,227705102,15,0.1,-127.0,511.0,284.3,1443651232
48.38249,-4.4657435,245257000,0,0.0,0.0,36.0,13.1,1443651232
48.38133,-4.4851017,228051000,0,0.0,-127.0,511.0,301.3,1443651234
48.08844,-4.6928635,228131600,15,8.6,-127.0,511.0,260.4,1443651235
48.098633,-4.3268433,228190600,7,0.0,-127.0,511.0,0.0,1443651238
48.118294,-4.3979917,228854000,15,10.4,0.0,267.0,266.7,1443651239
48.165848,-4.475633,228037700,15,1.3,-127.0,511.0,263.9,1443651240
48.153847,-4.411062,228037600,15,8.0,-127.0,511.0,173.8,1443651240
48.3824,-4.496555,227705102,15,0.1,-127.0,511.0,286.4,1443651242
48.382484,-4.4657435,245257000,0,0.0,0.0,35.0,13.1,1443651244
48.38132,-4.4851017,228051000,0,0.0,-127.0,511.0,302.4,1443651245
48.08838,-4.6935067,228131600,15,8.5,-127.0,511.0,261.3,1443651245
48.153713,-4.410732,228037600,15,6.3,-127.0,511.0,129.5,1443651249
48.16584,-4.4757133,228037700,15,1.1,-127.0,511.0,261.1,1443651251
48.382484,-4.4657416,245257000,0,0.0,0.0,35.0,13.1,1443651252
48.38241,-4.4965634,227705102,15,0.1,-127.0,511.0,289.1,1443651253
48.088326,-4.694023,228131600,15,8.5,-127.0,511.0,258.6,1443651255
48.381294,-4.48515,228051000,0,0.0,-127.0,511.0,302.6,1443651255
48.33914,-4.4765115,304091000,1,0.1,3.0,24.0,116.0,1443651257
48.11825,-4.3994083,228854000,15,10.2,0.0,269.0,268.1,1443651258
48.153805,-4.4102182,228037600,15,6.5,-127.0,511.0,75.7,1443651260
48.165825,-4.4757814,228037700,15,1.0,-127.0,511.0,260.1,1443651260
48.38249,-4.4657416,245257000,0,0.0,0.0,35.0,13.1,1443651262
48.38241,-4.496577,227705102,15,0.1,-127.0,511.0,292.9,1443651262
48.38129,-4.485152,228051000,0,0.0,-127.0,511.0,303.8,1443651264
48.088272,-4.694675,228131600,15,8.6,-127.0,511.0,262.6,1443651265
48.11824,-4.3999767,228854000,15,10.2,0.0,268.0,268.0,1443651267
48.12004,-4.4332333,228931000,7,8.9,-126.0,80.0,83.5,1443651268
48.165806,-4.4758735,228037700,15,1.2,-127.0,511.0,259.9,1443651270
48.38467,-4.452387,311018500,5,0.0,0.0,35.0,246.7,1443651271
48.120064,-4.4330516,228931000,7,8.9,-126.0,78.0,80.6,1443651272
48.38249,-4.465745,245257000,0,0.0,0.0,35.0,13.1,1443651273
48.381287,-4.485155,228051000,0,0.0,-127.0,511.0,301.5,1443651274
48.088215,-4.6951933,228131600,15,8.4,-127.0,511.0,257.0,1443651275
48.118225,-4.400678,228854000,15,10.2,127.0,275.0,268.6,1443651277
48.118233,-4.4008183,228854000,15,10.2,127.0,276.0,269.9,1443651278
48.1544,-4.409613,228037600,15,7.9,-127.0,511.0,27.0,1443651280
48.118237,-4.400962,228854000,15,10.2,127.0,278.0,271.1,1443651281
48.165787,-4.4759517,228037700,15,1.3,-127.0,511.0,261.3,1443651281
48.38241,-4.4965982,227705102,15,0.1,-127.0,511.0,298.7,1443651283
48.11825,-4.401173,228854000,15,10.2,127.0,278.0,272.9,1443651284
48.08814,-4.695765,228131600,15,7.9,-127.0,511.0,257.4,1443651284
48.3813,-4.4851484,228051000,0,0.0,-127.0,511.0,301.9,1443651285
48.383686,-4.4954467,227574020,15,0.1,-127.0,511.0,269.8,1443651286
48.370834,-4.512665,228186700,5,0.0,0.0,139.0,50.0,1443651288
48.11828,-4.4015265,228854000,15,10.3,0.0,277.0,275.5,1443651289
48.118294,-4.40167,228854000,15,10.3,-126.0,275.0,276.0,1443651291
48.382404,-4.496595,227705102,15,0.0,-127.0,511.0,289.8,1443651292
48.165783,-4.4760265,228037700,15,1.0,-127.0,511.0,265.0,1443651292
48.382477,-4.4657435,245257000,0,0.0,0.0,35.0,13.1,1443651292
48.37983,-4.4857583,226263000,5,0.1,0.0,134.0,180.6,1443651294
48.08805,-4.6963215,228131600,15,8.1,-127.0,511.0,259.5,1443651294
48.381313,-4.4851418,228051000,0,0.0,-127.0,511.0,303.6,1443651294
48.09865,-4.326832,228190600,7,0.0,-127.0,511.0,0.0,1443651298
48.12024,-4.4314084,228931000,7,8.9,-126.0,79.0,80.5,1443651298
48.118313,-4.40224,228854000,15,10.3,-126.0,270.0,273.1,1443651299
48.15518,-4.409468,228037600,15,8.3,-127.0,511.0,0.6,1443651300
48.16578,-4.47608,228037700,15,1.1,-127.0,511.0,264.3,1443651301
48.118313,-4.4024515,228854000,15,10.3,-126.0,269.0,271.6,1443651302
48.382404,-4.4965916,227705102,15,0.0,-127.0,511.0,280.8,1443651302
48.118305,-4.4025917,228854000,15,10.3,-126.0,268.0,270.6,1443651304
48.08795,-4.696945,228131600,15,8.5,-127.0,511.0,255.9,1443651305
48.381313,-4.4851384,228051000,0,0.0,-127.0,511.0,302.8,1443651305
48.120327,-4.43087,228931000,7,8.9,-126.0,77.0,77.6,1443651307
48.383667,-4.4954567,227574020,15,0.1,-127.0,511.0,265.6,1443651308
48.1183,-4.402875,228854000,15,10.3,0.0,268.0,269.0,1443651308
48.088226,-4.67826,227123700,5,8.1,-127.0,511.0,263.7,1443651308
48.155468,-4.409593,228037600,15,8.0,-127.0,511.0,344.5,1443651309
48.37743,-4.488042,227369960,0,0.0,0.0,511.0,360.0,1443651310
48.16578,-4.47616,228037700,15,1.0,-127.0,511.0,264.6,1443651311
48.382465,-4.4657884,245257000,0,0.0,0.0,36.0,13.1,1443651312
48.118282,-4.403303,228854000,15,10.2,0.0,268.0,267.9,1443651314
48.3813,-4.485143,228051000,0,0.0,-127.0,511.0,301.6,1443651314
48.087868,-4.6974483,228131600,15,8.9,-127.0,511.0,256.4,1443651315
48.12043,-4.4302716,228931000,7,8.9,0.0,78.0,76.6,1443651318
48.118267,-4.403653,228854000,15,10.2,127.0,271.0,267.5,1443651319
48.16577,-4.476237,228037700,15,1.1,-127.0,511.0,264.9,1443651321
48.382397,-4.496588,227705102,15,0.1,-127.0,511.0,271.8,1443651322
48.118267,-4.404003,228854000,15,10.2,127.0,275.0,269.2,1443651324
48.381294,-4.4851418,228051000,0,0.0,-127.0,511.0,301.6,1443651324
48.087753,-4.698068,228131600,15,8.3,-127.0,511.0,252.0,1443651325
48.11828,-4.40428,228854000,15,10.2,127.0,277.0,271.5,1443651328
48.118294,-4.4044886,228854000,15,10.2,127.0,278.0,273.3,1443651330
48.3772,-4.4892635,211232180,0,0.0,0.0,511.0,318.5,1443651330
48.165768,-4.4763184,228037700,15,1.1,-127.0,511.0,264.8,1443651331
48.382465,-4.4657865,245257000,0,0.0,0.0,36.0,13.1,1443651332
48.118313,-4.4047,228854000,15,10.3,0.0,277.0,275.0,1443651334
48.381287,-4.4851384,228051000,0,0.0,-127.0,511.0,300.5,1443651334
48.087666,-4.698565,228131600,15,8.5,-127.0,511.0,254.1,1443651335
48.118336,-4.4049816,228854000,15,10.4,-126.0,275.0,276.2,1443651338
48.15554,-4.4112,228037600,15,8.3,-127.0,511.0,267.3,1443651340
48.38247,-4.4657817,245257000,0,0.0,0.0,36.0,13.1,1443651341
48.165756,-4.476382,228037700,15,1.1,-127.0,511.0,262.9,1443651341
48.382393,-4.496597,227705102,15,0.1,-127.0,511.0,272.1,1443651343
48.11836,-4.405485,228854000,15,10.4,0.0,274.0,274.5,1443651344
48.381294,-4.48513,228051000,0,0.0,-127.0,511.0,300.0,1443651344
48.087566,-4.6991234,228131600,15,8.4,-127.0,511.0,252.4,1443651344
48.2073,-4.497035,234056000,1,0.0,0.0,56.0,298.7,1443651347
48.11837,-4.4058433,228854000,15,10.4,0.0,273.0,273.7,1443651350
48.155647,-4.4117665,228037600,15,8.5,-127.0,511.0,285.9,1443651350
48.165733,-4.476472,228037700,15,1.1,-127.0,511.0,264.2,1443651352
48.38239,-4.4966,227705102,15,0.1,-127.0,511.0,271.7,1443651352
48.08747,-4.699703,228131600,15,8.1,-127.0,511.0,255.1,1443651354
48.381306,-4.485125,228051000,0,0.0,-127.0,511.0,301.0,1443651354
47.942287,-4.757335,227415000,15,9.6,-127.0,511.0,169.5,1443651359
48.118385,-4.406485,228854000,15,10.3,-126.0,270.0,272.2,1443651359
48.36837,-4.5161967,228791000,5,0.0,-127.0,511.0,0.0,1443651360
48.165726,-4.4765434,228037700,15,1.1,-127.0,511.0,265.6,1443651361
48.38248,-4.46575,245257000,0,0.0,0.0,35.0,13.1,1443651362
48.38239,-4.496597,227705102,15,0.1,-127.0,511.0,270.2,1443651362
48.369488,-4.51477,228064900,5,0.0,0.0,312.0,268.2,1443651363
48.38132,-4.4851217,228051000,0,0.0,-127.0,511.0,301.5,1443651364
48.382866,-4.479437,235013963,0,0.0,0.0,511.0,46.6,1443651365
48.08737,-4.7002583,228131600,15,8.4,-127.0,511.0,255.5,1443651365
48.11838,-4.4071283,228854000,15,10.3,-126.0,267.0,269.6,1443651368
48.165726,-4.4766316,228037700,15,1.1,-127.0,511.0,264.7,1443651372
48.38248,-4.4657383,245257000,0,0.0,0.0,35.0,13.1,1443651372
48.382393,-4.496595,227705102,15,0.1,-127.0,511.0,269.3,1443651373
48.381325,-4.4851184,228051000,0,0.0,-127.0,511.0,300.9,1443651374
48.08726,-4.7008634,228131600,15,8.1,-127.0,511.0,256.9,1443651375
48.11836,-4.4078417,228854000,15,10.3,127.0,271.0,268.1,1443651378
48.16572,-4.476705,228037700,15,1.1,-127.0,511.0,262.4,1443651381
48.3824,-4.49659,227705102,15,0.1,-127.0,511.0,280.1,1443651382
48.087154,-4.701435,228131600,15,8.3,-127.0,511.0,255.5,1443651385
48.381325,-4.4851184,228051000,0,0.0,-127.0,511.0,299.6,1443651385
48.118366,-4.4084115,228854000,15,10.3,127.0,276.0,270.6,1443651386
48.098656,-4.326823,228190600,7,0.0,-127.0,511.0,0.0,1443651388
48.118374,-4.408553,228854000,15,10.3,127.0,277.0,271.7,1443651389
48.380646,-4.4860168,227002330,5,0.0,0.0,242.0,114.9,1443651389
48.118385,-4.408768,228854000,15,10.3,127.0,277.0,273.4,1443651391
48.165718,-4.4767833,228037700,15,1.1,-127.0,511.0,260.0,1443651391
48.38249,-4.4657435,245257000,0,0.0,0.0,36.0,13.1,1443651391
48.381325,-4.48512,228051000,0,0.0,-127.0,511.0,299.6,1443651394
48.08705,-4.70195,228131600,15,8.8,-127.0,511.0,258.7,1443651395
48.09865,-4.326822,228190600,7,0.0,-127.0,511.0,0.0,1443651398
48.118427,-4.4092684,228854000,15,10.4,-126.0,275.0,275.1,1443651399
48.380745,-4.4860067,227003050,5,0.0,0.0,240.0,312.4,1443651400
48.165707,-4.4768634,228037700,15,1.1,-127.0,511.0,259.0,1443651401
48.11844,-4.409557,228854000,15,10.4,-126.0,272.0,274.7,1443651402
48.38249,-4.465747,245257000,0,0.0,0.0,36.0,13.1,1443651402
48.38241,-4.49657,227705102,15,0.1,-127.0,511.0,289.1,1443651403
48.38132,-4.485125,228051000,0,0.0,-127.0,511.0,300.0,1443651404
48.118446,-4.4097714,228854000,15,10.4,-126.0,272.0,273.5,1443651405
48.086926,-4.7025084,228131600,15,8.4,-127.0,511.0,256.1,1443651405
48.118454,-4.40992,228854000,15,10.4,-126.0,271.0,273.1,1443651407
48.154785,-4.415312,228037600,15,9.5,-127.0,511.0,247.9,1443651410
48.165695,-4.4769416,228037700,15,1.1,-127.0,511.0,259.5,1443651412
48.382477,-4.4657583,245257000,0,0.0,0.0,36.0,13.1,1443651413
48.381317,-4.4851265,228051000,0,0.0,-127.0,511.0,299.8,1443651414
48.086807,-4.703057,228131600,15,8.3,-127.0,511.0,255.4,1443651414
48.118454,-4.4106383,228854000,15,10.4,-126.0,268.0,270.4,1443651417
47.939632,-4.75665,227415000,15,9.6,-127.0,511.0,168.4,1443651419
48.16569,-4.4769983,228037700,15,1.1,-127.0,511.0,261.2,1443651420
48.3824,-4.4965568,227705102,15,0.0,-127.0,511.0,298.2,1443651422
48.382473,-4.465765,245257000,0,0.0,0.0,36.0,13.1,1443651422
48.38132,-4.48512,228051000,0,0.0,-127.0,511.0,299.7,1443651424
48.08671,-4.70361,228131600,15,8.0,-127.0,511.0,254.7,1443651425
48.383625,-4.4954433,227574020,15,0.0,-127.0,511.0,276.1,1443651427
48.118435,-4.411425,228854000,15,10.3,127.0,271.0,268.4,1443651428
48.154522,-4.4164934,228037600,15,9.4,-127.0,511.0,252.8,1443651428
48.382473,-4.465765,245257000,0,0.0,0.0,35.0,13.1,1443651432
48.16568,-4.477082,228037700,15,1.1,-127.0,511.0,262.6,1443651432
48.3824,-4.496555,227705102,15,0.1,-127.0,511.0,305.4,1443651434
48.381325,-4.4851184,228051000,0,0.0,-127.0,511.0,299.4,1443651434
48.08657,-4.70421,228131600,15,8.7,-127.0,511.0,243.5,1443651435
48.3391,-4.4764185,304091000,1,0.0,2.0,22.0,116.0,1443651436
48.165672,-4.477142,228037700,15,1.1,-127.0,511.0,264.1,1443651441
48.382473,-4.4657617,245257000,0,0.0,0.0,36.0,13.1,1443651442
48.3824,-4.4965615,227705102,15,0.1,-127.0,511.0,298.1,1443651442
48.381332,-4.4851117,228051000,0,0.0,-127.0,511.0,298.8,1443651444
48.08647,-4.7047133,228131600,15,8.6,-127.0,511.0,251.8,1443651445
48.118065,-4.4162536,228133000,15,93.7,-127.0,511.0,63.7,1443651446
48.38363,-4.495438,227574020,15,0.0,-127.0,511.0,272.4,1443651446
48.09864,-4.3268285,228190600,7,0.0,-127.0,511.0,0.0,1443651447
48.384655,-4.4524484,311018500,5,0.0,0.0,35.0,246.7,1443651449
48.118065,-4.4162536,228133000,15,93.5,-127.0,511.0,62.0,1443651451
48.382458,-4.465773,245257000,0,0.0,0.0,36.0,13.1,1443651451
48.16567,-4.4772115,228037700,15,1.1,-127.0,511.0,266.8,1443651451
48.38241,-4.4965715,227705102,15,0.1,-127.0,511.0,294.0,1443651454
48.381332,-4.4851084,228051000,0,0.0,-127.0,511.0,298.7,1443651454
48.08635,-4.705275,228131600,15,8.9,-127.0,511.0,254.9,1443651455
48.118065,-4.4162536,228133000,15,93.7,-127.0,511.0,60.5,1443651457
48.118065,-4.4162536,228133000,15,93.7,-127.0,511.0,60.5,1443651458
47.937958,-4.7562065,227415000,15,9.5,-127.0,511.0,170.1,1443651458
48.118515,-4.413553,228854000,15,10.3,0.0,274.0,273.2,1443651458
48.1179,-4.4183,228133000,15,10.9,-127.0,511.0,263.7,1443651461
48.16567,-4.4772835,228037700,15,1.0,-127.0,511.0,267.7,1443651461
48.382435,-4.4657917,245257000,0,0.0,0.0,36.0,13.1,1443651462
48.381332,-4.4851,228051000,0,0.0,-127.0,511.0,298.7,1443651464
48.382423,-4.4965715,227705102,15,0.0,-127.0,511.0,294.8,1443651464
48.086212,-4.7058983,228131600,15,8.7,-127.0,511.0,249.6,1443651465
48.386078,-4.45912,311153000,5,0.0,0.0,1.0,64.0,1443651466
48.11854,-4.414195,228854000,15,10.4,-126.0,271.0,273.1,1443651467
47.93749,-4.7560716,227415000,15,9.3,-127.0,511.0,170.0,1443651469
48.370834,-4.512665,228186700,5,0.0,0.0,139.0,348.0,1443651470
47.952267,-4.7859983,227443000,15,10.0,-127.0,511.0,180.8,1443651471
48.16567,-4.4773865,228037700,15,1.1,-127.0,511.0,267.5,1443651472
48.38242,-4.49658,227705102,15,0.0,-127.0,511.0,296.1,1443651474
48.382427,-4.4657984,245257000,0,0.0,0.0,36.0,13.1,1443651474
48.381332,-4.4850984,228051000,0,0.0,-127.0,511.0,299.2,1443651474
48.0861,-4.7064133,228131600,15,8.7,-127.0,511.0,250.6,1443651474
48.098637,-4.3268332,228190600,7,0.0,-127.0,511.0,0.0,1443651477
48.11856,-4.414915,228854000,15,10.4,0.0,274.0,273.3,1443651478
47.937057,-4.7559433,227415000,15,9.4,-127.0,511.0,168.2,1443651479
48.165665,-4.477433,228037700,15,1.0,-127.0,511.0,267.8,1443651480
47.95185,-4.7859817,227443000,15,10.0,-127.0,511.0,177.1,1443651480
48.382427,-4.4657965,245257000,0,0.0,0.0,36.0,13.1,1443651482
48.08597,-4.7069736,228131600,15,8.6,-127.0,511.0,254.3,1443651485
48.1178,-4.4201465,228133000,15,10.8,-127.0,511.0,263.7,1443651486
48.117786,-4.420367,228133000,15,10.9,-127.0,511.0,264.3,1443651488
48.11861,-4.4157066,228854000,15,10.5,-126.0,273.0,274.6,1443651488
47.936665,-4.75584,227415000,15,9.4,-127.0,511.0,168.5,1443651488
47.95135,-4.785915,227443000,15,9.8,-127.0,511.0,174.6,1443651491
