Anti-Pollution,"[1178, 228064900]"
Cargo,"[205395000, 205439000, 205519000, 205554000, 205656000, 205688000, 207137000, 207138000, 209015000, 209058000, 209073000, 209177000, 209179000, 209182000, 209185000, 209211000, 209263000, 209273000, 209297000, 209299000, 209304000, 209366000, 209368000, 209384000, 209487000, 209533000, 209570000, 209666000, 209703000, 209718000, 209721000, 209734000, 209756000, 209889000, 209995000, 210029000, 210031000, 210041000, 210117000, 210234000, 210267000, 210329000, 210434000, 210720000, 210761000, 210852000, 210914000, 210974000, 210989000, 211233870, 211286440, 211311970, 211378810, 211394240, 211549000, 211578000, 211681870, 211839000, 212044000, 212058000, 212109000, 212125000, 212136000, 212208000, 212280000, 212301000, 212340000, 212360000, 212369000, 212373000, 212376000, 212385000, 212416000, 212423000, 212450000, 212503000, 212518000, 212521000, 212542000, 212555000, 212617000, 212641000, 212667000, 212735000, 212762000, 212795000, 212797000, 212801000, 212836000, 212852000, 212934000, 212942000, 215037000, 215039000, 215041000, 215047000, 215061000, 215062000, 215116000, 215136000, 215268000, 215317000, 215359000, 215400000, 215522000, 215539000, 215566000, 215579000, 215654000, 215676000, 215678000, 215771000, 215901000, 218024000, 218025000, 218042000, 218108000, 218158000, 218176000, 218179000, 218284000, 218426000, 218427000, 218552000, 218565000, 218615000, 218629000, 218774000, 218791000, 218793000, 219018501, 219018765, 219018864, 219018986, 219019094, 219019139, 219116000, 219118000, 219196000, 219216000, 219578000, 219609000, 219620000, 219629000, 219631000, 219646000, 219825000, 219884000, 219927000, 220005000, 220010000, 220387000, 220417000, 220439000, 220487000, 220506000, 220540000, 224029000, 224376000, 224499000, 224509000, 224548000, 224641000, 224655000, 224750000, 225328000, 225329000, 225370000, 225371000, 225390000, 225462000, 226321000, 226326000, 227278000, 228020700, 228024800, 228025700, 228032900, 228067900, 228068600, 228084000, 228315700, 228335900, 228353600, 229002000, 229033000, 229068000, 229081000, 229101000, 229191000, 229245000, 229266000, 229281000, 229290000, 229310000, 229311000, 229312000, 229323000, 229334000, 229358000, 229396000, 229402000, 229536000, 229558000, 229565000, 229566000, 229571000, 229605000, 229611000, 229612000, 229614000, 229625000, 229662000, 229665000, 229666000, 229675000, 229710000, 229711000, 229720000, 229725000, 229732000, 229741000, 229752000, 229758000, 229783000, 229798000, 229824000, 229841000, 229843000, 229844000, 229860000, 229914000, 229928000, 229929000, 229930000, 229936000, 229979000, 229986000, 230011000, 230357000, 230617000, 230618000, 230620000, 230622000, 230624000, 230631000, 230648000, 230656000, 232004630, 232079000, 232240000, 232664000, 232752000, 232872000, 232971000, 232977000, 233150000, 233234000, 233921000, 234056000, 235005270, 235006360, 235038886, 235050609, 235050734, 235051085, 235053986, 235054581, 235056239, 235056276, 235058697, 235059765, 235059768, 235066953, 235068085, 235070707, 235070715, 235072651, 235074589, 235075024, 235075244, 235077714, 235077805, 235080328, 235080632, 235080633, 235080635, 235081933, 235082802, 235082896, 235084107, 235084729, 235085464, 235085467, 235087577, 235087579, 235089333, 235089912, 235089913, 235089915, 235090537, 235091363, 235094625, 235094793, 235095815, 235095836, 235096793, 235098885, 235100629, 235102352, 235102681, 235102885, 235103315, 235103736, 235103762, 235103765, 235103766, 235107439, 235108381, 235108405, 235111365, 235112026, 235112573, 235114195, 235114599, 235437000, 235480000, 235507000, 235572000, 235613000, 235623000, 235707000, 235829000, 236029000, 236038000, 236111321, 236111603, 236111782, 236111881, 236111884, 236111886, 236111913, 236111944, 236111945, 236119000, 236124000, 236150000, 236153000, 236166000, 236196000, 236203000, 236205000, 236265000, 236297000, 236307000, 236334000, 236339000, 236386000, 236387000, 236439000, 236453000, 236509000, 236543000, 236553000, 236559000, 236568000, 236586000, 236592000, 236593000, 236598000, 236610000, 236617000, 236626000, 236631000, 236634000, 236644000, 236654000, 236656000, 236658000, 236673000, 236685000, 238249000, 239527000, 239615000, 239872000, 240204000, 240265000, 240266000, 240385000, 240564000, 240576000, 240625000, 240626000, 240754000, 240775000, 240796000, 240982000, 241013000, 241066000, 241116000, 241128000, 241189000, 241198000, 241230000, 241237000, 241265000, 241273000, 241284000, 241300000, 241310000, 244002000, 244008000, 244027000, 244037000, 244054000, 244059000, 244073000, 244093000, 244094000, 244096000, 244101000, 244104000, 244114000, 244144000, 244149000, 244171000, 244176000, 244218000, 244227000, 244239000, 244271000, 244297000, 244301000, 244302000, 244316000, 244321000, 244329000, 244336000, 244363000, 244376000, 244424000, 244483000, 244554000, 244557000, 244559000, 244573000, 244576000, 244582000, 244597000, 244615000, 244615976, 244617000, 244620314, 244621000, 244642000, 244650011, 244650165, 244650317, 244650331, 244662000, 244666000, 244673000, 244674000, 244682000, 244683000, 244694000, 244700336, 244703000, 244707000, 244716000, 244730000, 244730469, 244730944, 244741000, 244750645, 244750716, 244764000, 244768000, 244772000, 244780000, 244780424, 244780569, 244785000, 244790234, 244790369, 244790370, 244790509, 244790607, 244790715, 244810323, 244810418, 244810443, 244810589, 244810730, 244819000, 244820009, 244820165, 244820422, 244826000, 244828000, 244830098, 244847000, 244850075, 244850116, 244850612, 244850853, 244850855, 244852000, 244860000, 244860278, 244868000, 244870674, 244890000, 244909000, 244910000, 244918000, 244952000, 244956000, 244995000, 245005000, 245014000, 245021000, 245029000, 245031000, 245044000, 245046000, 245050000, 245057000, 245058000, 245064000, 245068000, 245072000, 245091000, 245127000, 245132000, 245157000, 245180000, 245181000, 245219000, 245223000, 245227000, 245237000, 245239000, 245241000, 245257000, 245261000, 245279000, 245296000, 245297000, 245306000, 245315000, 245334000, 245347000, 245398000, 245465000, 245468000, 245472000, 245483000, 245501000, 245513000, 245525000, 245529000, 245535000, 245539000, 245547000, 245639000, 245682000, 245712000, 245716000, 245726000, 245727000, 245739000, 245772000, 245789000, 245793000, 245816000, 245839000, 245843000, 245859000, 245864000, 245870000, 245901000, 245909000, 245912000, 245926000, 245930000, 245947000, 245949000, 245952000, 245959000, 245961000, 245967000, 245975000, 245977000, 245981000, 246002000, 246019000, 246029000, 246044000, 246056000, 246061000, 246062000, 246063000, 246067000, 246090000, 246100000, 246110000, 246125000, 246127000, 246179000, 246180000, 246215000, 246227000, 246232000, 246236000, 246252000, 246254000, 246255000, 246264000, 246286000, 246302000, 246303000, 246308000, 246330000, 246340000, 246358000, 246367000, 246388000, 246410000, 246412000, 246432000, 246452000, 246453000, 246456000, 246457000, 246458000, 246474000, 246479000, 246481000, 246484000, 246497000, 246507000, 246525000, 246535000, 246542000, 246555000, 246578000, 246593000, 246594000, 246596000, 246602000, 246606000, 246611000, 246613000, 246620000, 246625000, 246634000, 246639000, 246644000, 246649000, 246655000, 246660000, 246661000, 246662000, 246663000, 246666000, 246668000, 246670000, 246684000, 246685000, 246699000, 246704000, 246715000, 246716000, 246724000, 246733000, 246737000, 246745000, 246746000, 246754000, 246757000, 246771000, 246775000, 246778000, 246782000, 246786000, 246788000, 246793000, 246794000, 246797000, 246798000, 246802000, 246803000, 246807000, 246816000, 246827000, 246830000, 246838000, 246843000, 246845000, 246855000, 246867000, 246869000, 246872000, 246873000, 246883000, 246922000, 247018700, 247019600, 247039300, 247039400, 247056200, 247065500, 247080200, 247086800, 247116600, 247148200, 247186300, 247186500, 247217500, 247219300, 247270700, 247272500, 247275400, 247291600, 247299300, 247304200, 247341300, 247341500, 247341700, 247341900, 247360700, 248001000, 248092000, 248120000, 248134000, 248171000, 248183000, 248225000, 248313000, 248375000, 248427000, 248430000, 248448000, 248472000, 248494000, 248544000, 248552000, 248635000, 248658000, 248674000, 248678000, 248689000, 248697000, 248724000, 248737000, 248738000, 248746000, 248835000, 248852000, 248865000, 248937000, 248967000, 249066000, 249075000, 249118000, 249145000, 249186000, 249205000, 249211000, 249239000, 249290000, 249297000, 249311000, 249319000, 249359000, 249375000, 249399000, 249540000, 249617000, 249622000, 249647000, 249648000, 249719000, 249720000, 249772000, 249849000, 249879000, 249890000, 249895000, 249909000, 249910000, 249944000, 249963000, 249972000, 250000040, 250000144, 250000444, 250000817, 250000818, 250000962, 250000963, 250000964, 250001109, 250001268, 250001396, 250001594, 250002012, 250002033, 250002286, 250002434, 250002443, 250002688, 250002821, 250002887, 250002903, 250016000, 250502000, 250506000, 250515000, 253023000, 253215000, 255786000, 255801480, 255801490, 255801540, 255801550, 255801560, 255802380, 255803350, 255803360, 255803890, 255805450, 255805580, 255805615, 255805617, 255805620, 255805627, 255805661, 255805662, 255805684, 255805691, 255805693, 255805694, 255805697, 255805701, 255805759, 255805765, 255805770, 255805785, 255805802, 256016000, 256041000, 256075000, 256107000, 256202000, 256219000, 256279000, 256284000, 256291000, 256295000, 256323000, 256341000, 256345000, 256350000, 256371000, 256389000, 256433000, 256451000, 256503000, 256509000, 256516000, 256517000, 256522000, 256536000, 256537000, 256582000, 256610000, 256631000, 256662000, 256668000, 256687000, 256689000, 256713000, 256739000, 256743000, 256819000, 256891000, 256892000, 256900000, 256908000, 256910000, 256915000, 256919000, 256951000, 256953000, 256956000, 257348000, 257366000, 257408000, 257532000, 257556000, 257565000, 257672000, 257713000, 257758000, 257844000, 257891000, 258075000, 258316000, 258681000, 258734000, 258975000, 258977000, 259709000, 259848000, 262007000, 265884000, 266210000, 266259000, 266260000, 266283000, 266338000, 269045000, 269056000, 269057000, 269059000, 269076000, 269666000, 269669000, 269837000, 269868000, 271000021, 271000303, 271000656, 271000835, 271000876, 271000929, 271000985, 271002564, 271040319, 271040407, 271040594, 271042511, 271042556, 271042566, 271042763, 271042960, 271043415, 271043468, 271043681, 271043758, 271044120, 273111000, 273112800, 273113600, 273113800, 273114000, 273114600, 273114700, 273115700, 273116000, 273132200, 273310950, 273322500, 273330943, 273333440, 273333650, 273334000, 273334240, 273334930, 273335000, 273337230, 273337950, 273338000, 273338250, 273338310, 273338540, 273339540, 273339840, 273348830, 273350190, 273353680, 273354040, 273356870, 273357260, 273358260, 273358930, 273363000, 273385430, 273413060, 275344000, 275457000, 275467000, 277312000, 277324000, 277329000, 277334000, 277391000, 303417000, 304001000, 304010168, 304010228, 304010290, 304010417, 304010444, 304010483, 304010549, 304010767, 304010779, 304010806, 304010859, 304010860, 304010867, 304010909, 304010915, 304010916, 304010973, 304010986, 304010995, 304010998, 304011009, 304011029, 304013000, 304014000, 304021000, 304030000, 304031000, 304036000, 304037000, 304041000, 304042000, 304043000, 304046000, 304047000, 304053000, 304054000, 304055000, 304057000, 304059000, 304060000, 304062000, 304079000, 304080796, 304080808, 304081024, 304088000, 304089000, 304091000, 304092000, 304099000, 304137000, 304146000, 304153000, 304154000, 304183000, 304201000, 304214000, 304226000, 304228000, 304234000, 304239000, 304293000, 304302000, 304346000, 304352000, 304407000, 304443000, 304448000, 304469000, 304488000, 304498000, 304503000, 304511000, 304519000, 304520000, 304523000, 304543000, 304577000, 304611000, 304627000, 304628000, 304636000, 304653000, 304655000, 304662000, 304665000, 304669000, 304677000, 304679000, 304682000, 304690000, 304691000, 304719000, 304724000, 304738000, 304739000, 304743000, 304785000, 304786000, 304789000, 304791000, 304797000, 304805000, 304817000, 304839000, 304840000, 304843000, 304844000, 304851000, 304868000, 304869000, 304880000, 304881000, 304903000, 304905000, 304908000, 304924000, 304927000, 304932000, 304954000, 304994000, 304995000, 305003000, 305018000, 305040000, 305046000, 305059000, 305062000, 305067000, 305098000, 305102000, 305113000, 305119000, 305122000, 305123000, 305137000, 305162000, 305164000, 305166000, 305168000, 305175000, 305176000, 305187000, 305188000, 305190000, 305211000, 305212000, 305219000, 305223000, 305229000, 305236000, 305240000, 305246000, 305261000, 305262000, 305263000, 305264000, 305272000, 305279000, 305293000, 305294000, 305301000, 305315000, 305330000, 305333000, 305335000, 305342000, 305351000, 305364000, 305370000, 305379000, 305381000, 305384000, 305392000, 305393000, 305394000, 305395000, 305396000, 305444000, 305470000, 305476000, 305486000, 305493000, 305497000, 305500000, 305502000, 305506000, 305511000, 305512000, 305523000, 305526000, 305527000, 305545000, 305546000, 305555000, 305562000, 305565000, 305566000, 305573000, 305590000, 305594000, 305599000, 305600000, 305612000, 305616000, 305627000, 305631000, 305633000, 305639000, 305652000, 305653000, 305659000, 305671000, 305672000, 305674000, 305676000, 305677000, 305679000, 305681000, 305685000, 305706000, 305711000, 305714000, 305716000, 305729000, 305730000, 305733000, 305736000, 305737000, 305738000, 305740000, 305753000, 305757000, 305758000, 305760000, 305767000, 305770000, 305771000, 305772000, 305777000, 305781000, 305786000, 305810000, 305815000, 305822000, 305835000, 305836000, 305842000, 305847000, 305859000, 305862000, 305863000, 305881000, 305882000, 305885000, 305886000, 305887000, 305888000, 305915000, 305928000, 305936000, 305949000, 305964000, 305966000, 305973000, 305976000, 305981000, 305982000, 305994000, 305995000, 305996000, 306039000, 306051000, 306083000, 306095000, 306096000, 306157000, 306451000, 306587000, 306777000, 306813000, 306832000, 306872000, 308038000, 308122000, 308184000, 308192000, 308218000, 308287000, 308369000, 308438000, 308521000, 308529000, 308532000, 308541000, 308542000, 308598000, 308599000, 308688000, 308701000, 308704000, 308868000, 308874000, 308924000, 308987000, 309108000, 309165000, 309175000, 309186000, 309285000, 309306000, 309361000, 309372000, 309373000, 309467000, 309473000, 309584000, 309656000, 309689000, 309701000, 309729000, 309759000, 309761000, 309807000, 309814000, 309841000, 309847000, 309914000, 309938000, 309985000, 310649000, 311000092, 311000094, 311000126, 311000147, 311000193, 311000200, 311000257, 311000316, 311000342, 311000369, 311000413, 311000462, 311002500, 311003300, 311003600, 311004000, 311004900, 311005600, 311007600, 311008700, 311009400, 311009600, 311009700, 311014800, 311014900, 311015100, 311015700, 311016300, 311016400, 311017800, 311017900, 311018000, 311018600, 311018800, 311025800, 311028600, 311029000, 311037500, 311037600, 311040500, 311042500, 311043800, 311044300, 311044400, 311046100, 311051900, 311052700, 311053100, 311054300, 311055200, 311055300, 311055400, 311055500, 311061600, 311063100, 311070400, 311072400, 311117000, 311127000, 311164000, 311165000, 311266000, 311294000, 311295000, 311296000, 311358000, 311461000, 311564000, 311594000, 311595000, 311663000, 311676000, 311681000, 311696000, 311697000, 311771000, 311818000, 311918000, 311921000, 311922000, 311938000, 311945000, 311973000, 312092000, 312256000, 312710000, 312824000, 314006000, 314014000, 314019000, 314020000, 314021000, 314026000, 314066000, 314159000, 314179000, 314187000, 314192000, 314193000, 314194000, 314207000, 314208000, 314216000, 314220000, 314222000, 314237000, 314251000, 314255000, 314257000, 314258000, 314295000, 314311000, 314392000, 314398000, 314415000, 314416000, 314417000, 319014600, 319015800, 319028400, 319061200, 319149000, 319366000, 319570000, 319677000, 319885000, 319913000, 338640000, 341270000, 341307000, 341438000, 341561000, 341588000, 341599000, 351020000, 351070000, 351120000, 351132000, 351248000, 351299000, 351333000, 351392000, 351431000, 351459000, 351528000, 351619000, 351662000, 351700000, 351732000, 351780000, 351785000, 351802000, 351811000, 351828000, 351960000, 352039000, 352105000, 352147000, 352168000, 352216000, 352328000, 352349000, 352417000, 352422000, 352506000, 352517000, 352586000, 352630000, 352639000, 352663000, 352745000, 352757000, 352789000, 352853000, 352854000, 352939000, 352952000, 352960000, 353039000, 353047000, 353071000, 353083000, 353086000, 353100000, 353206000, 353269000, 353351000, 353502000, 353514000, 353551000, 353627000, 353642000, 353719000, 353764000, 353910000, 353939000, 353946000, 354029000, 354076000, 354123000, 354128000, 354149000, 354152000, 354170000, 354180000, 354204000, 354205000, 354360000, 354408000, 354410000, 354505000, 354532000, 354537000, 354589000, 354602000, 354690000, 354726000, 354751000, 354780000, 354856000, 354868000, 354946000, 354964000, 354971000, 355016000, 355026000, 355051000, 355140000, 355142000, 355146000, 355148000, 355216000, 355222000, 355223000, 355289000, 355294000, 355308000, 355363000, 355420000, 355624000, 355654000, 355655000, 355684000, 355688000, 355731000, 355860483, 355891000, 355906000, 355979000, 356013000, 356046000, 356059000, 356066904, 356071000, 356073000, 356101000, 356187000, 356289000, 356303000, 356340000, 356370000, 356425000, 356470000, 356472000, 356473000, 356555000, 356580000, 356599000, 356615000, 356672000, 356679000, 356704000, 356757000, 356760000, 356781000, 356824000, 356880000, 356904000, 356983000, 357055000, 357071000, 357077000, 357092000, 357100000, 357122000, 357144000, 357147000, 357170000, 357212000, 357231000, 357275000, 357289000, 357291000, 357347000, 357351000, 357388000, 357403000, 357417000, 357573000, 357668000, 357684000, 357742000, 357743000, 357759000, 357772000, 357773000, 357782000, 357920000, 357960000, 357988000, 367063280, 367063310, 367168640, 367318000, 367775000, 369326000, 369327000, 370011000, 370032000, 370062000, 370096000, 370206000, 370235000, 370254000, 370261000, 370329000, 370386000, 370392000, 370417000, 370431000, 370547000, 370618000, 370736000, 370869000, 370957000, 371013000, 371043000, 371089000, 371147000, 371172000, 371215000, 371318000, 371415000, 371437000, 371443000, 371452000, 371471000, 371495000, 371537000, 371551000, 371559000, 371648000, 371651000, 371769000, 371798000, 371806000, 371839000, 371860000, 371897000, 371911000, 371921000, 371922000, 371941000, 371949000, 372005000, 372031000, 372054000, 372063000, 372070000, 372071000, 372112000, 372223000, 372246000, 372268000, 372290000, 372309000, 372319000, 372348000, 372352000, 372447000, 372480000, 372483000, 372491000, 372506000, 372512000, 372516000, 372531000, 372548000, 372662000, 372723000, 372727000, 372744000, 372802000, 372805000, 372878000, 372879000, 372883000, 372901000, 372916000, 372995000, 373024000, 373035000, 373043000, 373057000, 373059000, 373124000, 373140000, 373158000, 373202000, 373204000, 373206000, 373207000, 373219000, 373231000, 373267000, 373365000, 373383000, 373398000, 373408000, 373428000, 373463000, 373481000, 373508000, 373517000, 373553000, 373555000, 373590000, 373598000, 373627000, 373639000, 373665000, 373667000, 373674000, 373681000, 373765000, 373802000, 373807000, 373828000, 373843000, 373865000, 373880000, 373886000, 373903000, 373911000, 373945000, 373948000, 374101000, 374196000, 374249000, 374268000, 374281000, 374286000, 374322000, 374681000, 374766000, 374881000, 374886000, 374960000, 375074000, 375532000, 375607000, 375746000, 376207000, 376317000, 376553000, 376556000, 376783000, 376848000, 377552000, 377715000, 377789000, 403531001, 412069000, 412534000, 413119000, 413478240, 414778000, 416497000, 419000116, 419000180, 419000182, 419000312, 419694000, 428044000, 431127000, 431241000, 431260000, 432624000, 432633000, 432651000, 432665000, 432716000, 432722000, 432824000, 432839000, 432963000, 440058000, 441722000, 441992000, 441993000, 441995000, 477006800, 477013400, 477016300, 477017900, 477024600, 477036300, 477040800, 477050700, 477050800, 477058200, 477067700, 477078200, 477095900, 477102800, 477105600, 477127900, 477133300, 477136300, 477161000, 477167624, 477174200, 477179000, 477182200, 477182800, 477188800, 477193300, 477203100, 477207100, 477213700, 477217300, 477218700, 477219300, 477220100, 477220200, 477220400, 477220500, 477222300, 477222700, 477224800, 477229600, 477261300, 477282400, 477293100, 477293200, 477300800, 477314700, 477328400, 477335300, 477335400, 477346600, 477347400, 477397100, 477397800, 477398000, 477423400, 477423600, 477424200, 477434400, 477441900, 477444300, 477444500, 477444800, 477454100, 477476800, 477478200, 477478800, 477486500, 477518500, 477518600, 477518800, 477519400, 477519800, 477522000, 477524700, 477524900, 477535200, 477550400, 477558000, 477559900, 477560700, 477585700, 477585800, 477598800, 477607600, 477618000, 477634100, 477637100, 477638400, 477640200, 477652600, 477657600, 477680200, 477686700, 477728600, 477729000, 477746600, 477764400, 477764600, 477787000, 477790200, 477791600, 477792100, 477795900, 477802100, 477802800, 477814700, 477820000, 477832400, 477832500, 477834000, 477851800, 477852900, 477892900, 477912000, 477914600, 477914700, 477914900, 477915700, 477925300, 477938500, 477938900, 477950300, 477986100, 477994800, 477995100, 511262000, 518100030, 518602000, 518866000, 518877000, 538001784, 538001809, 538001906, 538001908, 538001922, 538002070, 538002138, 538002164, 538002206, 538002419, 538002478, 538002650, 538002657, 538002806, 538002828, 538002973, 538002986, 538002992, 538003205, 538003231, 538003419, 538003514, 538003540, 538003561, 538003600, 538003670, 538003692, 538003704, 538003928, 538003930, 538004043, 538004055, 538004067, 538004070, 538004100, 538004103, 538004127, 538004151, 538004153, 538004240, 538004314, 538004339, 538004349, 538004365, 538004381, 538004387, 538004435, 538004443, 538004454, 538004456, 538004465, 538004473, 538004476, 538004485, 538004488, 538004496, 538004505, 538004506, 538004564, 538004580, 538004630, 538004639, 538004646, 538004714, 538004747, 538004766, 538004772, 538004898, 538004912, 538004914, 538004923, 538004978, 538004991, 538004997, 538005024, 538005048, 538005062, 538005064, 538005067, 538005096, 538005137, 538005146, 538005169, 538005191, 538005205, 538005216, 538005230, 538005236, 538005259, 538005261, 538005283, 538005296, 538005336, 538005337, 538005364, 538005444, 538005452, 538005471, 538005474, 538005485, 538005503, 538005528, 538005544, 538005599, 538005600, 538005604, 538005617, 538005627, 538005628, 538005629, 538005643, 538005651, 538005657, 538005676, 538005691, 538005701, 538005706, 538005792, 538005832, 538005856, 538005928, 538005941, 538005949, 538005960, 538005979, 538006039, 538006097, 538006099, 538006163, 538006165, 538006167, 538006240, 538006247, 538006298, 538006358, 538006363, 538006377, 538006388, 538006389, 538006403, 538006434, 538006451, 538006452, 538006509, 538006515, 538006596, 538006615, 538006616, 538006687, 538006829, 538090091, 538090116, 538090152, 538090153, 538090156, 538090261, 538090451, 538090452, 538090453, 538090485, 548740000, 548851000, 548888000, 548899000, 548912000, 548915000, 548922000, 563018710, 563019000, 563077000, 563079000, 563105000, 563108000, 563111000, 563176000, 563187000, 563231000, 563234000, 563251000, 563374000, 563394000, 563431000, 563493000, 563550000, 563573000, 563618000, 563641000, 563737000, 563758000, 563773000, 563835000, 563879000, 563934000, 563976000, 564037000, 564096000, 564220000, 564222000, 564237000, 564240000, 564242000, 564289000, 564351000, 564358000, 564361000, 564387000, 564388000, 564446000, 564476000, 564573000, 564648000, 564753000, 564756000, 564803000, 564842000, 564853000, 564896000, 564944000, 565029000, 565061000, 565064000, 565088000, 565111000, 565138000, 565145000, 565150000, 565476000, 565484000, 565499000, 565500000, 565583000, 565596000, 565613000, 565746000, 565758000, 565824000, 565947000, 566006000, 566029000, 566041000, 566049000, 566059000, 566085000, 566087000, 566088000, 566149000, 566164000, 566184000, 566205000, 566233000, 566258000, 566265000, 566289000, 566337000, 566365000, 566367000, 566441000, 566462000, 566466000, 566498000, 566519000, 566552000, 566566000, 566567000, 566575000, 566600000, 566628000, 566634000, 566675000, 566707000, 566796000, 566826000, 566837000, 566838000, 566839000, 566840000, 566880000, 566898000, 566923000, 566954000, 566955000, 566970000, 567048000, 567108000, 567269000, 567279000, 567468000, 576082000, 605086010, 605086011, 605086013, 605086014, 622121409, 622121420, 622121422, 636009548, 636009840, 636010909, 636011106, 636011345, 636011792, 636012131, 636012261, 636013068, 636013070, 636013840, 636013944, 636013974, 636014098, 636014190, 636014240, 636014241, 636014299, 636014381, 636014452, 636014624, 636014720, 636014800, 636014806, 636014865, 636014922, 636014927, 636015008, 636015033, 636015035, 636015043, 636015044, 636015048, 636015094, 636015240, 636015261, 636015262, 636015263, 636015265, 636015266, 636015273, 636015274, 636015406, 636015431, 636015455, 636015479, 636015569, 636015612, 636015650, 636015651, 636015665, 636015675, 636015710, 636015754, 636015760, 636015772, 636015777, 636015782, 636015818, 636015819, 636015857, 636015893, 636015916, 636015960, 636015990, 636015991, 636016011, 636016012, 636016043, 636016236, 636016238, 636016239, 636016250, 636016260, 636016268, 636016278, 636016279, 636016281, 636016287, 636016320, 636016338, 636016352, 636016356, 636016419, 636016423, 636016433, 636016436, 636016445, 636016451, 636016457, 636016461, 636016492, 636016529, 636016534, 636016607, 636016692, 636016706, 636016709, 636016732, 636016742, 636016746, 636016795, 636016799, 636016803, 636016831, 636016844, 636016851, 636016891, 636016907, 636016910, 636016983, 636016984, 636017004, 636017022, 636017037, 636017042, 636017064, 636017065, 636017067, 636017093, 636017102, 636017116, 636017117, 636017138, 636090590, 636090646, 636090680, 636090704, 636090816, 636090980, 636090984, 636091125, 636091130, 636091281, 636091334, 636091346, 636091352, 636091394, 636091507, 636091576, 636091610, 636091749, 636091787, 636091798, 636091807, 636091859, 636091866, 636091888, 636091933, 636091937, 636091952, 636091975, 636091987, 636092006, 636092011, 636092041, 636092044, 636092067, 636092080, 636092084, 636092092, 636092093, 636092134, 636092155, 636092156, 636092202, 636092220, 636092260, 636092261, 636092263, 636092297, 636092301, 636092323, 636092331, 636092335, 636092340, 636092346, 636092366, 636092390, 636092455, 636092515, 636092521, 636092524, 636092528, 636092529, 636092553, 636092556, 636092576, 636092616, 636092634, 671638000, 676117000]"
Cargo - Hazard A (Major),"[205476000, 209283000, 209351000, 209478000, 209840000, 210481000, 210505000, 211627970, 211651000, 211830000, 212105000, 212157000, 212193000, 212333000, 212605000, 212819000, 212933000, 215420000, 215891000, 218566000, 218776000, 218810000, 219018271, 219018692, 219019365, 219021000, 219116000, 219117000, 219215000, 219581000, 219632000, 219884000, 220478000, 220496000, 220497000, 220499000, 220501000, 220503000, 220598000, 226323000, 226324000, 226328000, 228067900, 228315600, 228316800, 228345800, 229005000, 229620000, 229622000, 229639000, 229646000, 229783000, 229914000, 229926000, 229930000, 230631000, 230994000, 235008310, 235051085, 235052314, 235054581, 235071275, 235076499, 235084729, 235089914, 235090767, 235091397, 235093327, 235094713, 235095162, 235096647, 235096684, 235097401, 235109665, 235110142, 235110247, 235111246, 235666000, 236111947, 236544000, 240722000, 241312000, 244118000, 244298000, 244597000, 244601000, 244850854, 245078000, 245222000, 246043000, 246056000, 246358000, 246363000, 246435000, 246484000, 246497000, 246737000, 247019600, 247289800, 247290000, 247304200, 247341100, 247341700, 247341900, 247594000, 248052000, 248701000, 249017000, 249107000, 249227000, 249837000, 253202000, 253215000, 253256000, 255805557, 255805569, 255805595, 255805596, 255805696, 255805698, 255805699, 255805763, 255805806, 256213000, 256304000, 256639000, 257532000, 257689000, 258316000, 273362290, 304903000, 304922000, 304962000, 304993000, 305001000, 305148000, 305259000, 305260000, 305301000, 305412000, 305506000, 305600000, 305648000, 305709000, 305863000, 305880000, 305931000, 306354000, 308015000, 311000157, 311044100, 314005000, 314011000, 351249000, 351268000, 351356000, 352952000, 354315000, 354340000, 354504000, 355028000, 355249000, 355305000, 355363000, 355919000, 356330000, 356904000, 357067000, 367136710, 367606000, 369233000, 370271000, 370368000, 371057000, 371245000, 371463000, 371466000, 371474000, 371969000, 372051000, 372400000, 372843000, 373005000, 373106000, 373162000, 373355000, 373517000, 373570000, 373598000, 374645000, 403521001, 419738000, 477030700, 477095900, 477174800, 477182700, 477219900, 477220500, 477229400, 477241800, 477271400, 477274400, 477321000, 477427500, 477478800, 477581400, 477652300, 477712400, 477712800, 477776200, 477830800, 477845600, 477902400, 477963800, 477967800, 518100059, 538002734, 538003035, 538004007, 538004171, 538004310, 538004313, 538005235, 538005528, 538005838, 538005839, 538005840, 538006388, 538090070, 538090454, 563377000, 563458000, 563672000, 564056000, 564575000, 565064000, 565213000, 566278000, 566383000, 636011106, 636013437, 636014208, 636015019, 636015129, 636015496, 636015524, 636015646, 636015664, 636015666, 636015674, 636015861, 636015900, 636016199, 636016415, 636016430, 636016437, 636016476, 636016979, 636017199, 636017200, 636017201, 636090707, 636090965, 636090980, 636091088, 636091116, 636091129, 636091130, 636091276, 636091319, 636091328, 636091394, 636091402, 636091449, 636091473, 636091501, 636091502, 636091714, 636091855, 636091857, 636091871, 636091896, 636091910, 636092202, 636092361, 636092391, 636092395, 636092451, 636092521, 636092548, 636092571, 636092629, 636092635]"
Cargo - Hazard B,"[209204000, 209840000, 218474000, 235112026, 236471000, 236481000, 236644000, 244339000, 247341500, 256858000, 273351360, 304352000, 304903000, 305364000, 351675000, 352853000, 354170000, 354972000, 368660000, 371475000, 477017600, 477065200, 477424600, 538003576, 563747000, 636015204, 636092271]"
Cargo - Hazard C (Minor),"[209840000, 219630000, 240721000, 355289000, 375254000, 477791900, 477938500, 538002961, 565970000, 636015860, 636016457, 636016891, 636092337, 636092614]"
Cargo - Hazard D (Recognizable),"[209840000, 210122000, 235081888, 235084298, 235095231, 247078800, 247233800, 247275400, 249837000, 256871000, 257532000, 275457000, 304010986, 304903000, 311000092, 311043200, 352135000, 352651000, 372218000, 373404000, 416497000, 477001100, 477108100, 477182300, 477305900, 477423700, 477795300, 538005838, 563033000, 563143000, 563982000, 564019000, 564071000, 564910000, 566882000, 636013136, 636013898, 636015181, 636015607, 636015665, 636016429, 636091706, 636091962, 636092021, 636092158]"
Dive Vessel,"[227696930, 354641000]"
Dredger,"[205309000, 205520000, 210621000, 219298000, 219573000, 227003850, 227148000, 227353790, 227353820, 227401470, 227597130, 228032800, 228155700, 228344700, 244780105, 246058000, 376907000]"
Fishing,"[1234500, 218359000, 219017843, 219621000, 224017460, 224038000, 224040000, 224045260, 224052970, 224057830, 224067130, 224081790, 224113270, 224130870, 224141980, 224196160, 224389000, 226004000, 226084000, 226105000, 226150000, 226158000, 226177000, 226178000, 226179000, 226216000, 226243000, 226267000, 227108900, 227113100, 227114300, 227116100, 227118500, 227118700, 227123700, 227127900, 227128800, 227138600, 227142200, 227142300, 227143600, 227143900, 227144300, 227144500, 227145700, 227146400, 227177420, 227277330, 227300000, 227303000, 227303430, 227307000, 227308000, 227309000, 227310000, 227310150, 227311000, 227312180, 227314000, 227314170, 227315110, 227315190, 227315560, 227316100, 227319130, 227319490, 227319570, 227320000, 227320160, 227320660, 227322670, 227322690, 227327000, 227336000, 227338000, 227340000, 227342250, 227346000, 227347000, 227355000, 227364000, 227366000, 227372000, 227375000, 227376000, 227380000, 227391000, 227393000, 227396000, 227397000, 227400680, 227406000, 227408000, 227409000, 227411000, 227412000, 227413000, 227416000, 227426000, 227428000, 227430000, 227436000, 227443000, 227469000, 227472000, 227474000, 227479000, 227481000, 227483000, 227485000, 227486000, 227512000, 227513000, 227520000, 227532000, 227558000, 227561000, 227563000, 227567680, 227569380, 227570000, 227571190, 227573440, 227573960, 227574000, 227575000, 227577000, 227578460, 227579000, 227581000, 227583000, 227584000, 227588970, 227589000, 227589520, 227590000, 227590030, 227590980, 227591030, 227592000, 227595000, 227611930, 227616510, 227621940, 227628730, 227631450, 227631770, 227631850, 227632830, 227635650, 227635680, 227635980, 227636480, 227639660, 227640190, 227640710, 227641020, 227641920, 227650230, 227654220, 227666970, 227681710, 227683480, 227685830, 227686540, 227686570, 227690560, 227762340, 227806000, 227808000, 227820000, 227822000, 227827000, 227831000, 227833000, 227834000, 227843000, 227844000, 227855000, 227867000, 227875000, 227876000, 227878000, 227894000, 227903000, 227905000, 227912000, 227915000, 227916000, 227917000, 227922000, 227941000, 227962000, 227977000, 227981000, 227984000, 227988000, 227989000, 228004600, 228015700, 228018700, 228020600, 228020900, 228021600, 228028900, 228033600, 228033800, 228037600, 228039800, 228042600, 228066700, 228066900, 228070700, 228106800, 228107800, 228109000, 228111000, 228113000, 228114000, 228117000, 228118700, 228119000, 228120000, 228126000, 228130000, 228131000, 228131600, 228133000, 228135000, 228137900, 228138000, 228144000, 228151700, 228158000, 228160000, 228160600, 228165700, 228166600, 228167900, 228168600, 228169000, 228171600, 228172000, 228174600, 228184000, 228190600, 228195000, 228195800, 228203800, 228205800, 228206600, 228208700, 228208800, 228209700, 228210800, 228213000, 228213700, 228215700, 228216600, 228218000, 228218700, 228219000, 228222900, 228223000, 228226000, 228228800, 228235000, 228236000, 228236600, 228236700, 228238600, 228238700, 228239000, 228239900, 228240000, 228240600, 228240800, 228240900, 228247000, 228247700, 228251000, 228252000, 228253900, 228258000, 228259000, 228259600, 228264000, 228264600, 228267900, 228282000, 228287000, 228288000, 228293000, 228299900, 228300000, 228301600, 228301700, 228301900, 228302900, 228306000, 228321000, 228324000, 228329000, 228332000, 228336000, 228337800, 228339000, 228355800, 228367000, 228370000, 228374000, 228376000, 228378000, 228380000, 228383000, 228387000, 228394000, 228806000, 228827000, 228840000, 228842000, 228843000, 228848000, 228849000, 228858000, 228874000, 228880000, 228888000, 228917000, 228919000, 228922000, 228925000, 228926000, 228929000, 228931000, 228935000, 228941000, 228945000, 228947000, 228954000, 228975000, 232005610, 232005700, 232005775, 232005800, 235005150, 235008741, 235010670, 235097013, 244309000, 244563000, 244583000, 245811000, 250000870, 257806000, 265771000, 277330000]"
High-Speed Craft,"[228059800, 311036800]"
Law Enforce,"[228817100, 235101211]"
Local Vessel,"[227016100]"
Military Ops,"[205204000, 211210150, 211211220, 211211730, 219104000, 227062780, 228736000, 228762000, 232002833, 234597000, 234605000, 235051012, 244251000, 259019000, 275346000, 276700000, 367852000, 369886000, 888888888, 999999999]"
Other,"[212466000, 218430000, 225383000, 226010880, 227009430, 227010230, 227056460, 227091000, 227217470, 227222000, 227297000, 227317000, 227330000, 227392000, 227410000, 227415000, 227736540, 227803000, 227806500, 227852000, 227856000, 227860000, 227866000, 227877000, 227879000, 227895000, 228018800, 228021700, 228029700, 228029800, 228037900, 228041600, 228137900, 228157000, 228160900, 228194000, 228211700, 228211900, 228248000, 228267700, 228281000, 228322700, 228333000, 228728000, 228764000, 228799000, 228813000, 228893000, 228910000, 228946000, 230941700, 232005410, 232005850, 232616000, 234637000, 235007990, 235034871, 235054097, 235090402, 235113663, 236403000, 244810593, 244925000, 245471000, 246051000, 247242300, 253414000, 256530000, 257022000, 257411000, 257536600, 257674000, 257864000, 258060000, 258527000, 258614000, 258859000, 258995000, 259298000, 259873000, 259917000, 304926000, 305253000, 311000369, 352923000, 352940000, 353500000, 353979000, 356068000, 357269000, 370473000, 370637000, 371931000, 432664000, 447097000, 477637700, 538001921, 538002840, 538005656, 538090151, 548903000, 563802000, 563837000, 564728000, 566405000, 566997000, 636012804, 636015956, 636015994, 636016193, 636091082, 888888888, 999999999]"
Passenger,"[219560000, 226318000, 226338000, 227001450, 227002330, 227003050, 227003750, 227004900, 227023100, 227158520, 227286000, 227574020, 227580520, 227592820, 227612820, 227612860, 227635210, 227644930, 227705102, 227715260, 228017700, 228022900, 228183600, 228263700, 230635000, 235106595, 246167000, 247117300, 247160400, 247229700, 247312900, 247369700, 249666000, 256208000, 256878000, 257774600, 258769000, 258932000, 308007000, 308445000, 308785000, 308847000, 309964000, 310459000, 310473000, 310529000, 310530000, 310556000, 310562000, 310610000, 310624000, 310625000, 311000274, 311000343, 311000396, 311018500, 311166000, 311316000, 311368000, 311513000, 311541000]"
Pilot Vessel,"[227004410, 227005550, 227007760, 227017600, 227713010, 227730220]"
Pleasure Craft,"[211447460, 211625170, 211707600, 227029970, 227149730, 227162950, 227193740, 227226450, 227258290, 227263970, 227276230, 227283010, 227289990, 227328110, 227355190, 227355680, 227362110, 227363370, 227382750, 227384220, 227391760, 227402190, 227408710, 227414940, 227573170, 227593450, 227656810, 227702670, 227714320, 227721320, 227739940, 227764330, 227798280, 227983200, 228014600, 228026600, 228311600, 228817100, 228899000, 232374000, 235090793, 235108105, 236112178, 244630187, 244770960, 256000826, 256320000, 261031010, 261513000, 265755730, 269101930, 269116000, 310593000, 311018500, 319022600, 367127560, 378112361, 378394000, 538070770, 636016803]"
SAR,"[2383, 224612000, 226263000, 227001510, 227003150, 227003560, 227003630, 227003880, 227004180, 227004570, 227008670, 227009310, 227009320, 227019140, 227265650, 227400510, 227624270, 227638530, 228064900, 228186700, 235113405, 273546520]"
Sailing Vessel,"[205277430, 205734400, 205880600, 211158080, 211160630, 211210280, 211215170, 211232180, 211387420, 211522970, 211545370, 211552340, 211560760, 211617730, 211633320, 211668500, 220092000, 227011870, 227043970, 227047880, 227051000, 227059160, 227060680, 227065530, 227069470, 227071310, 227072550, 227078960, 227078970, 227081120, 227088590, 227094750, 227104210, 227114630, 227120320, 227127750, 227132470, 227133520, 227158280, 227163870, 227167050, 227169310, 227175090, 227178330, 227178370, 227184260, 227185540, 227188250, 227191950, 227199080, 227214920, 227221130, 227227410, 227227590, 227229070, 227229850, 227232410, 227245210, 227275870, 227278350, 227278980, 227280910, 227285670, 227288130, 227290810, 227294470, 227294530, 227298110, 227306100, 227321500, 227325680, 227334960, 227337570, 227338080, 227338990, 227340300, 227349390, 227361610, 227365150, 227369960, 227372930, 227380730, 227382020, 227383920, 227385160, 227392140, 227394750, 227396550, 227400140, 227411830, 227413520, 227414080, 227504120, 227519920, 227521960, 227525020, 227527550, 227536540, 227541490, 227546430, 227546690, 227546740, 227547920, 227548120, 227549140, 227549450, 227549890, 227550490, 227551320, 227566870, 227570560, 227573170, 227580280, 227588930, 227589980, 227611670, 227613780, 227624390, 227630560, 227643980, 227645860, 227647090, 227653980, 227686920, 227688950, 227701720, 227710560, 227719220, 227734750, 227741610, 227751330, 227754790, 227766910, 227785750, 227787750, 227796240, 227904000, 228005700, 228009900, 228016000, 228047700, 228053700, 228059900, 228065900, 228070900, 228197800, 228207700, 228251700, 228278600, 228295700, 228298800, 228319700, 228321600, 228351700, 228503000, 228621000, 228796000, 228797000, 229394000, 230035980, 230061700, 232005270, 233789000, 234171000, 235003780, 235006000, 235015064, 235031676, 235034658, 235054817, 235055083, 235079074, 235081443, 235082366, 235094367, 235095267, 235097672, 235098914, 235101999, 235103401, 235104648, 235108972, 235111402, 235113298, 235113366, 244630782, 244650642, 244670144, 244780246, 244830896, 244870126, 245136000, 246253000, 258088080, 258176140, 258193070, 258285840, 258373000, 261000290, 261015190, 261023620, 261026040, 261028320, 261029680, 261031080, 265756690, 265757060, 265758190, 266263000, 269107530, 269157000, 329006070, 338135636, 347002100, 367484680, 367532950, 367598370, 367683840, 376887000, 503006030, 577228000, 577333000]"
Special Craft,"[982571400]"
Tanker,"[205655000, 205657000, 205677000, 209055000, 209294000, 209448000, 209672000, 209760000, 210224000, 210318000, 210857000, 211135000, 211330520, 211379750, 211397660, 211409100, 211422510, 211472000, 211852000, 211881000, 212065000, 212084000, 212097000, 212123000, 212137000, 212182000, 212186000, 212227000, 212240000, 212600000, 212947000, 215029000, 215096000, 215110000, 215135000, 215142000, 215182000, 215193000, 215194000, 215211000, 215234000, 215287000, 215477000, 215535000, 215545000, 215555000, 215581000, 215681000, 215760000, 215819000, 215870000, 215872000, 218019000, 218292000, 218551000, 218649000, 219014000, 219124000, 219291000, 219397000, 219426000, 219482000, 219558000, 219577000, 220002000, 220016000, 220052000, 220235000, 220236000, 220396000, 220448000, 220479000, 220495000, 220498000, 220500000, 220513000, 220514000, 220515000, 220530000, 220564000, 220565000, 220570000, 220603000, 220625000, 220638000, 220644000, 220648000, 224304000, 224365000, 226000000, 227598930, 227681520, 228026700, 228047900, 228292700, 228329800, 228330600, 228330700, 229037000, 229039000, 229085000, 229093000, 229315000, 229327000, 229412000, 229535000, 229561000, 229632000, 229715000, 229716000, 229847000, 229866000, 229879000, 229898000, 229899000, 229999000, 231701000, 232156000, 232167000, 232168000, 235006490, 235007330, 235007450, 235008050, 235010980, 235050032, 235050033, 235050783, 235050801, 235060251, 235060255, 235063337, 235068963, 235070031, 235072088, 235073404, 235076245, 235076275, 235081745, 235084915, 235087392, 235087417, 235092964, 235093147, 235094794, 235098053, 235098058, 235098061, 235101728, 235104739, 235106302, 235192000, 235485000, 235509000, 235644000, 235849000, 236107000, 236111809, 236111811, 236111974, 236112003, 236112059, 236165000, 236204000, 236213000, 236222000, 236260000, 236263000, 236283000, 236296000, 236364000, 236445000, 236514000, 236522000, 236529000, 236567000, 236647000, 236662000, 236668000, 236669000, 237899000, 238005000, 238233000, 238250000, 238295000, 238301000, 239591000, 239933000, 239939000, 240024000, 240031000, 240092000, 240124000, 240175000, 240243000, 240296000, 240305000, 240435000, 240437000, 240472000, 240520000, 240565000, 240609000, 240619000, 240634000, 240677000, 240679000, 240681000, 240699000, 240715000, 240717000, 240729000, 240766000, 240797000, 240834000, 240903000, 240947000, 240975000, 241029000, 241107000, 241121000, 241136000, 241154000, 241157000, 241164000, 241190000, 241218000, 241236000, 241255000, 241292000, 241330000, 241357000, 241367000, 241387000, 244267000, 244281000, 244367000, 244627000, 244700000, 244830183, 244870428, 245284000, 245405000, 246315000, 246414000, 246697000, 246823000, 246893000, 247046200, 247095800, 247104400, 247224200, 247226600, 247226900, 247231000, 247258400, 247275300, 247276200, 247287500, 247293100, 247318400, 248043000, 248054000, 248055000, 248075000, 248114000, 248163000, 248280000, 248282000, 248323000, 248363000, 248370000, 248373000, 248439000, 248454000, 248621000, 248646000, 248751000, 248793000, 248833000, 248842000, 248888000, 248976000, 249084000, 249085000, 249086000, 249092000, 249104000, 249126000, 249193000, 249206000, 249207000, 249209000, 249210000, 249213000, 249249000, 249266000, 249293000, 249294000, 249362000, 249379000, 249425000, 249446000, 249458000, 249533000, 249534000, 249537000, 249565000, 249598000, 249803000, 249813000, 249891000, 249911000, 249959000, 249993000, 253217000, 253279000, 253295000, 253418000, 253437000, 255802950, 255803560, 255803880, 255804740, 255804890, 255804960, 255805250, 255805340, 256093000, 256096000, 256122000, 256137000, 256210000, 256243000, 256275000, 256396000, 256442000, 256465000, 256483000, 256491000, 256494000, 256495000, 256518000, 256550000, 256553000, 256656000, 256673000, 256696000, 256716000, 256732000, 256755000, 256765000, 256784000, 256790000, 256802000, 256838000, 256902000, 256909000, 256914000, 256934000, 256984000, 256992000, 256995000, 256996000, 257077000, 257082000, 257206000, 257374000, 257375000, 257519000, 257694000, 257721000, 257722000, 257739000, 257742000, 257772000, 257856000, 257885000, 257936000, 257983000, 258682000, 258692000, 258702000, 258926000, 259095000, 259759000, 259897000, 259936000, 259956000, 259985000, 259999000, 266009000, 266209000, 266273000, 266420000, 266421000, 269013000, 269675000, 271000818, 271002613, 271042520, 271043399, 271043776, 304050636, 304050840, 304117000, 304270000, 304271000, 305178000, 308371000, 308391000, 308949000, 308986000, 309827000, 309832000, 310372000, 310515000, 310559000, 310560000, 310579000, 310622000, 311000149, 311000212, 311000223, 311000261, 311000294, 311000333, 311000436, 311000438, 311000444, 311000460, 311020900, 311027400, 311027900, 311037700, 311066200, 311069200, 311073600, 311076800, 311153000, 311168000, 311177000, 311426000, 311601000, 311648000, 311656000, 311702000, 311727000, 311816000, 311929000, 311981000, 311985000, 319025300, 319036000, 319062200, 319070500, 319071500, 319206000, 319545000, 319768000, 351482000, 351486000, 351533000, 352254000, 352255000, 352388000, 352451000, 353548000, 353830000, 353952000, 354070000, 354073000, 354133000, 354190000, 354556000, 355031000, 355209000, 355497000, 355600000, 356159000, 356307000, 356466000, 356673000, 357075000, 357851000, 370068000, 370069000, 370467000, 370558000, 370985000, 371085000, 371325000, 371346000, 372171000, 372777000, 373090000, 373953000, 374026000, 374369000, 374912000, 403508000, 413089000, 413770000, 419689000, 419722000, 432935000, 447180000, 447184000, 447187000, 447189000, 477071400, 477071500, 477095600, 477110600, 477115900, 477141900, 477144900, 477271200, 477276400, 477300300, 477399300, 477434800, 477519100, 477541400, 477612300, 477720400, 477768300, 477831600, 477848400, 477852400, 477881600, 533913000, 533992000, 538001638, 538001964, 538002054, 538002221, 538002278, 538002285, 538002295, 538002315, 538002523, 538002553, 538002655, 538002693, 538002755, 538002756, 538002775, 538002883, 538002959, 538003110, 538003217, 538003321, 538003322, 538003326, 538003470, 538003562, 538003677, 538003696, 538003737, 538003793, 538003855, 538003857, 538003868, 538003876, 538003994, 538004029, 538004031, 538004173, 538004174, 538004246, 538004293, 538004316, 538004317, 538004535, 538004536, 538004561, 538004629, 538004640, 538004692, 538004924, 538005007, 538005060, 538005093, 538005129, 538005140, 538005167, 538005188, 538005218, 538005257, 538005294, 538005320, 538005387, 538005402, 538005403, 538005405, 538005407, 538005408, 538005409, 538005412, 538005413, 538005415, 538005418, 538005419, 538005423, 538005424, 538005426, 538005511, 538005513, 538005535, 538005538, 538005539, 538005575, 538005601, 538005764, 538005772, 538005788, 538005797, 538005803, 538005805, 538005815, 538005863, 538005871, 538005920, 538005939, 538005976, 538006005, 538006030, 538006038, 538006049, 538006073, 538006074, 538006075, 538006093, 538006173, 538006191, 538006197, 538006200, 538006204, 538006217, 538006224, 538006270, 538006284, 538006288, 538006308, 538006367, 538006370, 538006464, 538006489, 538006501, 538006570, 538006668, 538006744, 538090174, 538090189, 538090209, 538090232, 538090267, 538090338, 538090448, 538090456, 548777000, 548850000, 563052000, 563068000, 563153000, 563186000, 563481000, 563619000, 563624000, 563755000, 564002000, 564014000, 564045000, 564111000, 564207000, 564517000, 564693000, 564715000, 564923000, 564977000, 565174000, 565246000, 565254000, 565343000, 565397000, 565407000, 565494000, 565528000, 565770000, 565826000, 565829000, 565969000, 565980000, 566015000, 566030000, 566198000, 566242000, 566244000, 566251000, 566422000, 566473000, 566478000, 566573000, 566579000, 566904000, 566917000, 605086120, 636011160, 636011630, 636011640, 636011641, 636012196, 636012377, 636012379, 636012507, 636012762, 636012856, 636012908, 636013026, 636013100, 636013273, 636013296, 636013353, 636013381, 636013645, 636013748, 636013825, 636013998, 636014114, 636014119, 636014126, 636014171, 636014184, 636014189, 636014191, 636014193, 636014309, 636014352, 636014355, 636014623, 636014982, 636015050, 636015064, 636015106, 636015145, 636015187, 636015300, 636015348, 636015359, 636015457, 636015706, 636015761, 636015934, 636015940, 636015943, 636015944, 636015945, 636015946, 636015973, 636016005, 636016017, 636016098, 636016149, 636016315, 636016360, 636016396, 636016595, 636016659, 636016683, 636016726, 636017015, 636017159, 636017209, 636090890, 636091121, 636091174, 636091470, 636091488, 636091569, 636091872, 636092037, 636092136, 636092137, 642122016, 642122021, 664209000]"
Tanker - Hazard A (Major),"[205366000, 215064000, 215220000, 215234000, 215389000, 215781000, 219683000, 220301000, 220500000, 220502000, 220560000, 220566000, 228333700, 229272000, 229289000, 229339000, 229471000, 229866000, 230965000, 235011670, 235060453, 235093146, 236111791, 236175000, 236401000, 240451591, 240610000, 240671000, 240729000, 240834000, 240859000, 240864000, 241294000, 241326000, 244036000, 244285000, 244961000, 246823000, 246881000, 247253800, 247273200, 247273400, 247355500, 248033000, 248159000, 248299000, 248363000, 248792000, 248842000, 249012000, 249446000, 249616000, 255803540, 255805370, 256391000, 256462000, 256714000, 259004000, 259787000, 259985000, 271040029, 304050635, 309225000, 311000454, 311027400, 311027500, 311073800, 319499000, 319842000, 351272000, 351272053, 351696000, 354133000, 354306000, 357227000, 357426000, 357460000, 370066000, 477627200, 538002598, 538002784, 538003115, 538004628, 548747000, 564922000, 565826000, 565961000, 566577000, 566700000, 566722000, 566813000, 636010378, 636013825, 636014307, 636016717]"
Tanker - Hazard B,"[209672000, 210449000, 210745000, 212371000, 215166000, 215194000, 215375000, 215581000, 215937000, 219269000, 219479000, 220236000, 220514000, 228292700, 229015000, 229545000, 229713000, 235050033, 235050801, 235083501, 235089046, 235095972, 235098053, 235101728, 235104739, 236112003, 236668000, 238008000, 240350000, 240411000, 244889000, 244999000, 245073000, 245958000, 246545000, 247355500, 247698000, 248299000, 248363000, 248439000, 248646000, 248792000, 249028000, 249126000, 249128000, 249437000, 249453000, 249475000, 249537000, 249567000, 249689000, 249702000, 249704000, 249813000, 249955000, 249957000, 249960000, 253217000, 255804340, 255805340, 256096000, 256123000, 256139000, 256151000, 256391000, 256483000, 256619000, 256714000, 257374000, 257526000, 259004000, 259756000, 259927000, 271043399, 308815000, 309998000, 311027800, 311027900, 319036000, 319205000, 319206000, 319402000, 319445000, 319468000, 319541000, 319591000, 319602000, 319605000, 319643000, 352090000, 354828000, 355511000, 355828000, 357426000, 357740000, 372016000, 372530000, 373353000, 403505000, 431132000, 431156000, 477163900, 538003326, 538003851, 538004722, 538005478, 538005504, 538005893, 538006489, 548765000, 548847000, 564045000, 564335000, 564430000, 565212000, 636014469, 636015589, 636015592, 636015829, 636015944, 636016017, 636016115, 636017159]"
Tanker - Hazard C (Minor),"[209672000, 215263000, 219479000, 220016000, 220236000, 220514000, 220570000, 229535000, 229606000, 235006740, 235050033, 235070466, 235085368, 235098053, 235112571, 236112003, 241253000, 244889000, 247346000, 247698000, 248075000, 249050000, 249126000, 249689000, 255802940, 271043873, 311017500, 319301000, 351482000, 355775000, 372988000, 477173500, 477541400, 477627200, 477932400, 538002952, 538003450, 538006112, 576321000, 636011212, 636011267]"
Tanker - Hazard D (Recognizable),"[212274000, 215329000, 215760000, 215811000, 228337700, 229472000, 229636000, 229899000, 235002250, 235073614, 235093146, 235100007, 235308000, 236646000, 236652000, 240615000, 247602000, 248730000, 249403000, 256494000, 256645000, 256714000, 258640000, 258645000, 258669000, 304050635, 305794000, 309333000, 310575000, 311628000, 311775000, 355031000, 370455000, 447089000, 538002920, 538003347, 538003352, 538003358, 538003910, 538003911, 538005256, 538005292, 538005323, 538005389, 538006161, 563353000, 564923000, 636012909, 636015829, 636016594]"
Tug,"[37100300, 211366340, 220124000, 227002960, 227004390, 227004660, 227005270, 227006750, 227009990, 228051000, 228064900, 228067800, 228068700, 228124800, 228193700, 228234700, 228234900, 228344800, 235013963, 235050126, 235053723, 235056099, 235084806, 235085927, 235087041, 235115261, 244469000, 244536000, 244740921, 244790899, 245164000, 246774000, 247153600, 247370200, 248465000, 253225000, 257461000, 258202000, 264900301, 273376520, 273385040, 305356000, 305389000, 305820000, 311784000, 325448000, 470170000, 538006290, 564533000, 667001484, 701830000, 701832000]"
Wing In Grnd,"[228887300, 538002138, 538004446]"
